[13096:6636:0521/150758.276:WARNING:chrome_main_delegate.cc(745)] This is Chrome version 128.0.6613.138 (not a warning)
[13096:23160:0521/150758.381:ERROR:google_update_settings.cc(265)] Failed opening key Software\Chromium to set usagestats; result: 5
[13096:6636:0521/150758.406:WARNING:account_consistency_mode_manager.cc(77)] Desktop Identity Consistency cannot be enabled as no OAuth client ID and client secret have been configured.
[13096:6636:0521/150841.173:ERROR:device_event_log_impl.cc(196)] [15:08:40.809] USB: usb_service_win.cc:105 SetupDiGetDeviceProperty({{A45C254E-DF1C-4EFD-8020-67D146A850E0}, 6}) failed: Element not found. (0x490)
[22976:19320:0521/150842.838:WARNING:frame_impl.cc(430)] virtual CefFrameImpl::SendProcessMessage sent to detached frame 5-3616B190BC2B03AB749C5F1C794D06CF will be ignored
[13096:15684:0521/153835.789:VERBOSE1:media_stream_manager.cc(1533)] MSPL::OnSpeedLimitChange({this=000059DC0235AD40}, {new_limit=67})
[13096:15684:0521/153836.768:VERBOSE1:media_stream_manager.cc(1533)] MSPL::OnSpeedLimitChange({this=000059DC0235AD40}, {new_limit=65})
[13096:15684:0521/153837.777:VERBOSE1:media_stream_manager.cc(1533)] MSPL::OnSpeedLimitChange({this=000059DC0235AD40}, {new_limit=61})
[13096:15684:0521/153838.780:VERBOSE1:media_stream_manager.cc(1533)] MSPL::OnSpeedLimitChange({this=000059DC0235AD40}, {new_limit=58})
[13096:15684:0521/153839.775:VERBOSE1:media_stream_manager.cc(1533)] MSPL::OnSpeedLimitChange({this=000059DC0235AD40}, {new_limit=56})
[13096:15684:0521/153842.778:VERBOSE1:media_stream_manager.cc(1533)] MSPL::OnSpeedLimitChange({this=000059DC0235AD40}, {new_limit=57})
[13096:15684:0521/153843.802:VERBOSE1:media_stream_manager.cc(1533)] MSPL::OnSpeedLimitChange({this=000059DC0235AD40}, {new_limit=54})
[13096:15684:0521/153845.774:VERBOSE1:media_stream_manager.cc(1533)] MSPL::OnSpeedLimitChange({this=000059DC0235AD40}, {new_limit=53})
[13096:15684:0521/153846.799:VERBOSE1:media_stream_manager.cc(1533)] MSPL::OnSpeedLimitChange({this=000059DC0235AD40}, {new_limit=54})
[13096:15684:0521/153847.783:VERBOSE1:media_stream_manager.cc(1533)] MSPL::OnSpeedLimitChange({this=000059DC0235AD40}, {new_limit=56})
[13096:15684:0521/153848.790:VERBOSE1:media_stream_manager.cc(1533)] MSPL::OnSpeedLimitChange({this=000059DC0235AD40}, {new_limit=58})
[13096:15684:0521/153849.807:VERBOSE1:media_stream_manager.cc(1533)] MSPL::OnSpeedLimitChange({this=000059DC0235AD40}, {new_limit=62})
[13096:15684:0521/153852.777:VERBOSE1:media_stream_manager.cc(1533)] MSPL::OnSpeedLimitChange({this=000059DC0235AD40}, {new_limit=63})
[13096:15684:0521/153853.988:VERBOSE1:media_stream_manager.cc(1533)] MSPL::OnSpeedLimitChange({this=000059DC0235AD40}, {new_limit=64})
[13096:15684:0521/153854.841:VERBOSE1:media_stream_manager.cc(1533)] MSPL::OnSpeedLimitChange({this=000059DC0235AD40}, {new_limit=68})
[13096:15684:0521/153855.781:VERBOSE1:media_stream_manager.cc(1533)] MSPL::OnSpeedLimitChange({this=000059DC0235AD40}, {new_limit=70})
[13096:15684:0521/153857.797:VERBOSE1:media_stream_manager.cc(1533)] MSPL::OnSpeedLimitChange({this=000059DC0235AD40}, {new_limit=71})
[13096:15684:0521/153859.803:VERBOSE1:media_stream_manager.cc(1533)] MSPL::OnSpeedLimitChange({this=000059DC0235AD40}, {new_limit=69})
[13096:15684:0521/153900.793:VERBOSE1:media_stream_manager.cc(1533)] MSPL::OnSpeedLimitChange({this=000059DC0235AD40}, {new_limit=68})
[13096:15684:0521/153901.816:VERBOSE1:media_stream_manager.cc(1533)] MSPL::OnSpeedLimitChange({this=000059DC0235AD40}, {new_limit=70})
[13096:15684:0521/153902.804:VERBOSE1:media_stream_manager.cc(1533)] MSPL::OnSpeedLimitChange({this=000059DC0235AD40}, {new_limit=68})
[13096:15684:0521/153903.789:VERBOSE1:media_stream_manager.cc(1533)] MSPL::OnSpeedLimitChange({this=000059DC0235AD40}, {new_limit=69})
[13096:15684:0521/153904.807:VERBOSE1:media_stream_manager.cc(1533)] MSPL::OnSpeedLimitChange({this=000059DC0235AD40}, {new_limit=70})
[13096:15684:0521/153905.814:VERBOSE1:media_stream_manager.cc(1533)] MSPL::OnSpeedLimitChange({this=000059DC0235AD40}, {new_limit=72})
[13096:15684:0521/153907.800:VERBOSE1:media_stream_manager.cc(1533)] MSPL::OnSpeedLimitChange({this=000059DC0235AD40}, {new_limit=74})
[13096:15684:0521/153908.815:VERBOSE1:media_stream_manager.cc(1533)] MSPL::OnSpeedLimitChange({this=000059DC0235AD40}, {new_limit=75})
[13096:15684:0521/153909.821:VERBOSE1:media_stream_manager.cc(1533)] MSPL::OnSpeedLimitChange({this=000059DC0235AD40}, {new_limit=73})
[13096:15684:0521/153910.807:VERBOSE1:media_stream_manager.cc(1533)] MSPL::OnSpeedLimitChange({this=000059DC0235AD40}, {new_limit=74})
[13096:15684:0521/153912.807:VERBOSE1:media_stream_manager.cc(1533)] MSPL::OnSpeedLimitChange({this=000059DC0235AD40}, {new_limit=75})
[13096:15684:0521/153913.792:VERBOSE1:media_stream_manager.cc(1533)] MSPL::OnSpeedLimitChange({this=000059DC0235AD40}, {new_limit=73})
[13096:15684:0521/153914.836:VERBOSE1:media_stream_manager.cc(1533)] MSPL::OnSpeedLimitChange({this=000059DC0235AD40}, {new_limit=70})
[13096:15684:0521/153915.816:VERBOSE1:media_stream_manager.cc(1533)] MSPL::OnSpeedLimitChange({this=000059DC0235AD40}, {new_limit=66})
[13096:15684:0521/153916.799:VERBOSE1:media_stream_manager.cc(1533)] MSPL::OnSpeedLimitChange({this=000059DC0235AD40}, {new_limit=63})
[13096:15684:0521/153917.816:VERBOSE1:media_stream_manager.cc(1533)] MSPL::OnSpeedLimitChange({this=000059DC0235AD40}, {new_limit=60})
[13096:15684:0521/153918.825:VERBOSE1:media_stream_manager.cc(1533)] MSPL::OnSpeedLimitChange({this=000059DC0235AD40}, {new_limit=57})
[13096:15684:0521/153920.814:VERBOSE1:media_stream_manager.cc(1533)] MSPL::OnSpeedLimitChange({this=000059DC0235AD40}, {new_limit=55})
[13096:15684:0521/153921.795:VERBOSE1:media_stream_manager.cc(1533)] MSPL::OnSpeedLimitChange({this=000059DC0235AD40}, {new_limit=51})
[13096:15684:0521/153922.832:VERBOSE1:media_stream_manager.cc(1533)] MSPL::OnSpeedLimitChange({this=000059DC0235AD40}, {new_limit=50})
[14056:17712:0521/153924.796:VERBOSE1:network_delegate.cc(36)] NetworkDelegate::NotifyBeforeURLRequest: https://optimizationguide-pa.googleapis.com/v1:GetModels?key=dummytoken
[14056:17712:0521/153924.816:VERBOSE1:tls_handshaker.cc(105)] TlsClient: Continuing handshake
[14056:17712:0521/153924.824:VERBOSE1:tls_handshaker.cc(105)] TlsClient: Continuing handshake
[13096:15684:0521/153924.831:VERBOSE1:media_stream_manager.cc(1533)] MSPL::OnSpeedLimitChange({this=000059DC0235AD40}, {new_limit=51})
[14056:17712:0521/153924.867:VERBOSE1:tls_handshaker.cc(105)] TlsClient: Continuing handshake
[14056:17712:0521/153924.868:VERBOSE1:tls_handshaker.cc(126)] TlsClient: SSL_do_handshake returned when entering early data. After retry, rv=-1, SSL_in_early_data=1
[14056:17712:0521/153924.868:VERBOSE1:tls_handshaker.cc(105)] TlsClient: Continuing handshake
[14056:17712:0521/153924.868:VERBOSE1:tls_client_handshaker.cc(528)] Client: handshake finished
[13096:15684:0521/153925.804:VERBOSE1:media_stream_manager.cc(1533)] MSPL::OnSpeedLimitChange({this=000059DC0235AD40}, {new_limit=52})
[13096:15684:0521/153927.819:VERBOSE1:media_stream_manager.cc(1533)] MSPL::OnSpeedLimitChange({this=000059DC0235AD40}, {new_limit=55})
[13096:15684:0521/153929.803:VERBOSE1:media_stream_manager.cc(1533)] MSPL::OnSpeedLimitChange({this=000059DC0235AD40}, {new_limit=57})
[13096:15684:0521/153931.828:VERBOSE1:media_stream_manager.cc(1533)] MSPL::OnSpeedLimitChange({this=000059DC0235AD40}, {new_limit=59})
[13096:15684:0521/153933.847:VERBOSE1:media_stream_manager.cc(1533)] MSPL::OnSpeedLimitChange({this=000059DC0235AD40}, {new_limit=61})
[13096:15684:0521/153934.813:VERBOSE1:media_stream_manager.cc(1533)] MSPL::OnSpeedLimitChange({this=000059DC0235AD40}, {new_limit=59})
[13096:15684:0521/153935.809:VERBOSE1:media_stream_manager.cc(1533)] MSPL::OnSpeedLimitChange({this=000059DC0235AD40}, {new_limit=58})
[13096:15684:0521/153936.810:VERBOSE1:media_stream_manager.cc(1533)] MSPL::OnSpeedLimitChange({this=000059DC0235AD40}, {new_limit=57})
[13096:15684:0521/153937.958:VERBOSE1:media_stream_manager.cc(1533)] MSPL::OnSpeedLimitChange({this=000059DC0235AD40}, {new_limit=54})
[13096:15684:0521/153938.867:VERBOSE1:media_stream_manager.cc(1533)] MSPL::OnSpeedLimitChange({this=000059DC0235AD40}, {new_limit=55})
[13096:15684:0521/153942.817:VERBOSE1:media_stream_manager.cc(1533)] MSPL::OnSpeedLimitChange({this=000059DC0235AD40}, {new_limit=54})
[13096:15684:0521/153944.698:VERBOSE1:media_stream_manager.cc(1533)] MSPL::OnSpeedLimitChange({this=000059DC0235AD40}, {new_limit=53})
[13096:15684:0521/153946.833:VERBOSE1:media_stream_manager.cc(1533)] MSPL::OnSpeedLimitChange({this=000059DC0235AD40}, {new_limit=55})
[13096:15684:0521/153947.820:VERBOSE1:media_stream_manager.cc(1533)] MSPL::OnSpeedLimitChange({this=000059DC0235AD40}, {new_limit=59})
[13096:15684:0521/153948.823:VERBOSE1:media_stream_manager.cc(1533)] MSPL::OnSpeedLimitChange({this=000059DC0235AD40}, {new_limit=61})
[13096:15684:0521/153950.049:VERBOSE1:media_stream_manager.cc(1533)] MSPL::OnSpeedLimitChange({this=000059DC0235AD40}, {new_limit=58})
[13096:15684:0521/153951.052:VERBOSE1:media_stream_manager.cc(1533)] MSPL::OnSpeedLimitChange({this=000059DC0235AD40}, {new_limit=60})
[13096:15684:0521/153952.051:VERBOSE1:media_stream_manager.cc(1533)] MSPL::OnSpeedLimitChange({this=000059DC0235AD40}, {new_limit=61})
[13096:15684:0521/153953.049:VERBOSE1:media_stream_manager.cc(1533)] MSPL::OnSpeedLimitChange({this=000059DC0235AD40}, {new_limit=62})
[13096:15684:0521/153954.048:VERBOSE1:media_stream_manager.cc(1533)] MSPL::OnSpeedLimitChange({this=000059DC0235AD40}, {new_limit=100})
[13096:15684:0521/154039.049:VERBOSE1:media_stream_manager.cc(1533)] MSPL::OnSpeedLimitChange({this=000059DC0235AD40}, {new_limit=76})
[13096:15684:0521/154040.050:VERBOSE1:media_stream_manager.cc(1533)] MSPL::OnSpeedLimitChange({this=000059DC0235AD40}, {new_limit=75})
[13096:15684:0521/154041.051:VERBOSE1:media_stream_manager.cc(1533)] MSPL::OnSpeedLimitChange({this=000059DC0235AD40}, {new_limit=76})
[13096:15684:0521/154042.051:VERBOSE1:media_stream_manager.cc(1533)] MSPL::OnSpeedLimitChange({this=000059DC0235AD40}, {new_limit=77})
[13096:15684:0521/154044.050:VERBOSE1:media_stream_manager.cc(1533)] MSPL::OnSpeedLimitChange({this=000059DC0235AD40}, {new_limit=76})
[13096:15684:0521/154046.051:VERBOSE1:media_stream_manager.cc(1533)] MSPL::OnSpeedLimitChange({this=000059DC0235AD40}, {new_limit=74})
[13096:15684:0521/154047.051:VERBOSE1:media_stream_manager.cc(1533)] MSPL::OnSpeedLimitChange({this=000059DC0235AD40}, {new_limit=100})
[13096:6636:0521/154057.784:VERBOSE1:device_event_log_impl.cc(198)] [15:40:57.783] Display: EVENT: screen_win.cc:893 Displays updated, count: 1
[13096:6636:0521/154057.784:VERBOSE1:device_event_log_impl.cc(198)] [15:40:57.784] Display: EVENT: screen_win.cc:895 Display[2479531247] bounds=[0,0 1707x960], workarea=[0,0 1707x912], scale=1.5, rotation=0, panel_rotation=0 external detected
[13096:6636:0521/154107.607:VERBOSE1:device_event_log_impl.cc(198)] [15:41:07.607] Display: EVENT: screen_win.cc:893 Displays updated, count: 1
[13096:6636:0521/154107.608:VERBOSE1:device_event_log_impl.cc(198)] [15:41:07.607] Display: EVENT: screen_win.cc:895 Display[2479531247] bounds=[0,0 1707x960], workarea=[0,0 1707x912], scale=1.5, rotation=0, panel_rotation=0 external detected
[13096:15684:0521/154115.883:VERBOSE1:media_stream_manager.cc(1533)] MSPL::OnSpeedLimitChange({this=000059DC0235AD40}, {new_limit=71})
[13096:15684:0521/154116.882:VERBOSE1:media_stream_manager.cc(1533)] MSPL::OnSpeedLimitChange({this=000059DC0235AD40}, {new_limit=69})
[13096:15684:0521/154117.953:VERBOSE1:media_stream_manager.cc(1533)] MSPL::OnSpeedLimitChange({this=000059DC0235AD40}, {new_limit=70})
[13096:15684:0521/154118.953:VERBOSE1:media_stream_manager.cc(1533)] MSPL::OnSpeedLimitChange({this=000059DC0235AD40}, {new_limit=100})
[13096:6636:0521/154127.122:VERBOSE1:device_event_log_impl.cc(198)] [15:41:27.122] Display: EVENT: screen_win.cc:893 Displays updated, count: 1
[13096:6636:0521/154127.123:VERBOSE1:device_event_log_impl.cc(198)] [15:41:27.122] Display: EVENT: screen_win.cc:895 Display[2479531247] bounds=[0,0 1707x960], workarea=[0,0 1707x912], scale=1.5, rotation=0, panel_rotation=0 external detected
[13096:15684:0521/154136.901:VERBOSE1:media_stream_manager.cc(1533)] MSPL::OnSpeedLimitChange({this=000059DC0235AD40}, {new_limit=74})
[13096:15684:0521/154137.904:VERBOSE1:media_stream_manager.cc(1533)] MSPL::OnSpeedLimitChange({this=000059DC0235AD40}, {new_limit=73})
[13096:15684:0521/154141.207:VERBOSE1:media_stream_manager.cc(1533)] MSPL::OnSpeedLimitChange({this=000059DC0235AD40}, {new_limit=72})
[13096:6636:0521/154142.331:VERBOSE1:device_event_log_impl.cc(198)] [15:41:42.330] Display: EVENT: screen_win.cc:893 Displays updated, count: 1
[13096:6636:0521/154142.331:VERBOSE1:device_event_log_impl.cc(198)] [15:41:42.330] Display: EVENT: screen_win.cc:895 Display[2479531247] bounds=[0,0 1707x960], workarea=[0,0 1707x912], scale=1.5, rotation=0, panel_rotation=0 external detected
[13096:15684:0521/154142.902:VERBOSE1:media_stream_manager.cc(1533)] MSPL::OnSpeedLimitChange({this=000059DC0235AD40}, {new_limit=71})
[13096:15684:0521/154143.899:VERBOSE1:media_stream_manager.cc(1533)] MSPL::OnSpeedLimitChange({this=000059DC0235AD40}, {new_limit=72})
[13096:15684:0521/154144.906:VERBOSE1:media_stream_manager.cc(1533)] MSPL::OnSpeedLimitChange({this=000059DC0235AD40}, {new_limit=69})
[13096:15684:0521/154145.907:VERBOSE1:media_stream_manager.cc(1533)] MSPL::OnSpeedLimitChange({this=000059DC0235AD40}, {new_limit=68})
[13096:15684:0521/154146.907:VERBOSE1:media_stream_manager.cc(1533)] MSPL::OnSpeedLimitChange({this=000059DC0235AD40}, {new_limit=70})
[13096:15684:0521/154147.909:VERBOSE1:media_stream_manager.cc(1533)] MSPL::OnSpeedLimitChange({this=000059DC0235AD40}, {new_limit=71})
[13096:15684:0521/154148.907:VERBOSE1:media_stream_manager.cc(1533)] MSPL::OnSpeedLimitChange({this=000059DC0235AD40}, {new_limit=72})
[13096:15684:0521/154150.909:VERBOSE1:media_stream_manager.cc(1533)] MSPL::OnSpeedLimitChange({this=000059DC0235AD40}, {new_limit=73})
[13096:15684:0521/154151.909:VERBOSE1:media_stream_manager.cc(1533)] MSPL::OnSpeedLimitChange({this=000059DC0235AD40}, {new_limit=74})
[13096:15684:0521/154152.932:VERBOSE1:media_stream_manager.cc(1533)] MSPL::OnSpeedLimitChange({this=000059DC0235AD40}, {new_limit=73})
[13096:15684:0521/154153.932:VERBOSE1:media_stream_manager.cc(1533)] MSPL::OnSpeedLimitChange({this=000059DC0235AD40}, {new_limit=74})
[13096:15684:0521/154154.917:VERBOSE1:media_stream_manager.cc(1533)] MSPL::OnSpeedLimitChange({this=000059DC0235AD40}, {new_limit=75})
[13096:15684:0521/154156.189:VERBOSE1:media_stream_manager.cc(1533)] MSPL::OnSpeedLimitChange({this=000059DC0235AD40}, {new_limit=78})
[13096:15684:0521/154157.190:VERBOSE1:media_stream_manager.cc(1533)] MSPL::OnSpeedLimitChange({this=000059DC0235AD40}, {new_limit=100})
[13096:6636:0521/154202.887:VERBOSE1:device_event_log_impl.cc(198)] [15:42:02.888] Display: EVENT: screen_win.cc:893 Displays updated, count: 1
[13096:6636:0521/154202.889:VERBOSE1:device_event_log_impl.cc(198)] [15:42:02.889] Display: EVENT: screen_win.cc:895 Display[2479531247] bounds=[0,0 1707x960], workarea=[0,0 1707x912], scale=1.5, rotation=0, panel_rotation=0 external detected
[14056:17712:0521/154216.091:VERBOSE1:network_delegate.cc(36)] NetworkDelegate::NotifyBeforeURLRequest: https://optimizationguide-pa.googleapis.com/v1:GetModels?key=dummytoken
[14056:17712:0521/154216.096:VERBOSE1:tls_handshaker.cc(105)] TlsClient: Continuing handshake
[14056:17712:0521/154216.097:VERBOSE1:tls_handshaker.cc(126)] TlsClient: SSL_do_handshake returned when entering early data. After retry, rv=-1, SSL_in_early_data=1
[14056:17712:0521/154216.103:VERBOSE1:tls_handshaker.cc(105)] TlsClient: Continuing handshake
[14056:17712:0521/154216.103:VERBOSE1:tls_handshaker.cc(105)] TlsClient: Continuing handshake
[14056:17712:0521/154216.103:VERBOSE1:tls_client_handshaker.cc(528)] Client: handshake finished
[13096:6636:0521/154239.613:VERBOSE1:device_event_log_impl.cc(198)] [15:42:39.613] Display: EVENT: screen_win.cc:893 Displays updated, count: 1
[13096:6636:0521/154239.613:VERBOSE1:device_event_log_impl.cc(198)] [15:42:39.613] Display: EVENT: screen_win.cc:895 Display[2479531247] bounds=[0,0 1707x960], workarea=[0,0 1707x912], scale=1.5, rotation=0, panel_rotation=0 external detected
[13096:15684:0521/154243.946:VERBOSE1:media_stream_manager.cc(1533)] MSPL::OnSpeedLimitChange({this=000059DC0235AD40}, {new_limit=77})
[13096:15684:0521/154244.945:VERBOSE1:media_stream_manager.cc(1533)] MSPL::OnSpeedLimitChange({this=000059DC0235AD40}, {new_limit=72})
[13096:15684:0521/154245.973:VERBOSE1:media_stream_manager.cc(1533)] MSPL::OnSpeedLimitChange({this=000059DC0235AD40}, {new_limit=70})
[13096:15684:0521/154246.956:VERBOSE1:media_stream_manager.cc(1533)] MSPL::OnSpeedLimitChange({this=000059DC0235AD40}, {new_limit=71})
[13096:15684:0521/154249.165:VERBOSE1:media_stream_manager.cc(1533)] MSPL::OnSpeedLimitChange({this=000059DC0235AD40}, {new_limit=70})
[13096:15684:0521/154250.165:VERBOSE1:media_stream_manager.cc(1533)] MSPL::OnSpeedLimitChange({this=000059DC0235AD40}, {new_limit=73})
[13096:6636:0521/154250.971:VERBOSE1:device_event_log_impl.cc(198)] [15:42:50.972] Display: EVENT: screen_win.cc:893 Displays updated, count: 1
[13096:6636:0521/154250.971:VERBOSE1:device_event_log_impl.cc(198)] [15:42:50.972] Display: EVENT: screen_win.cc:895 Display[2479531247] bounds=[0,0 1707x960], workarea=[0,0 1707x912], scale=1.5, rotation=0, panel_rotation=0 external detected
[13096:15684:0521/154251.197:VERBOSE1:media_stream_manager.cc(1533)] MSPL::OnSpeedLimitChange({this=000059DC0235AD40}, {new_limit=74})
[13096:15684:0521/154252.961:VERBOSE1:media_stream_manager.cc(1533)] MSPL::OnSpeedLimitChange({this=000059DC0235AD40}, {new_limit=75})
[13096:15684:0521/154254.948:VERBOSE1:media_stream_manager.cc(1533)] MSPL::OnSpeedLimitChange({this=000059DC0235AD40}, {new_limit=78})
[13096:15684:0521/154255.955:VERBOSE1:media_stream_manager.cc(1533)] MSPL::OnSpeedLimitChange({this=000059DC0235AD40}, {new_limit=77})
[13096:15684:0521/154257.957:VERBOSE1:media_stream_manager.cc(1533)] MSPL::OnSpeedLimitChange({this=000059DC0235AD40}, {new_limit=75})
[13096:15684:0521/154259.965:VERBOSE1:media_stream_manager.cc(1533)] MSPL::OnSpeedLimitChange({this=000059DC0235AD40}, {new_limit=73})
[13096:15684:0521/154300.965:VERBOSE1:media_stream_manager.cc(1533)] MSPL::OnSpeedLimitChange({this=000059DC0235AD40}, {new_limit=72})
[13096:15684:0521/154302.955:VERBOSE1:media_stream_manager.cc(1533)] MSPL::OnSpeedLimitChange({this=000059DC0235AD40}, {new_limit=71})
[13096:15684:0521/154303.960:VERBOSE1:media_stream_manager.cc(1533)] MSPL::OnSpeedLimitChange({this=000059DC0235AD40}, {new_limit=70})
[13096:15684:0521/154306.054:VERBOSE1:media_stream_manager.cc(1533)] MSPL::OnSpeedLimitChange({this=000059DC0235AD40}, {new_limit=71})
[13096:15684:0521/154307.053:VERBOSE1:media_stream_manager.cc(1533)] MSPL::OnSpeedLimitChange({this=000059DC0235AD40}, {new_limit=74})
[13096:15684:0521/154308.055:VERBOSE1:media_stream_manager.cc(1533)] MSPL::OnSpeedLimitChange({this=000059DC0235AD40}, {new_limit=75})
[13096:6636:0521/154308.171:VERBOSE1:device_event_log_impl.cc(198)] [15:43:08.171] Display: EVENT: screen_win.cc:893 Displays updated, count: 1
[13096:6636:0521/154308.171:VERBOSE1:device_event_log_impl.cc(198)] [15:43:08.171] Display: EVENT: screen_win.cc:895 Display[2479531247] bounds=[0,0 1707x960], workarea=[0,0 1707x912], scale=1.5, rotation=0, panel_rotation=0 external detected
[13096:15684:0521/154308.969:VERBOSE1:media_stream_manager.cc(1533)] MSPL::OnSpeedLimitChange({this=000059DC0235AD40}, {new_limit=74})
[13096:15684:0521/154309.963:VERBOSE1:media_stream_manager.cc(1533)] MSPL::OnSpeedLimitChange({this=000059DC0235AD40}, {new_limit=73})
[13096:15684:0521/154311.991:VERBOSE1:media_stream_manager.cc(1533)] MSPL::OnSpeedLimitChange({this=000059DC0235AD40}, {new_limit=74})
[13096:15684:0521/154312.979:VERBOSE1:media_stream_manager.cc(1533)] MSPL::OnSpeedLimitChange({this=000059DC0235AD40}, {new_limit=75})
[13096:15684:0521/154314.966:VERBOSE1:media_stream_manager.cc(1533)] MSPL::OnSpeedLimitChange({this=000059DC0235AD40}, {new_limit=72})
[13096:15684:0521/154315.968:VERBOSE1:media_stream_manager.cc(1533)] MSPL::OnSpeedLimitChange({this=000059DC0235AD40}, {new_limit=70})
[13096:15684:0521/154317.100:VERBOSE1:media_stream_manager.cc(1533)] MSPL::OnSpeedLimitChange({this=000059DC0235AD40}, {new_limit=69})
[13096:15684:0521/154318.100:VERBOSE1:media_stream_manager.cc(1533)] MSPL::OnSpeedLimitChange({this=000059DC0235AD40}, {new_limit=68})
[13096:15684:0521/154319.100:VERBOSE1:media_stream_manager.cc(1533)] MSPL::OnSpeedLimitChange({this=000059DC0235AD40}, {new_limit=69})
[13096:15684:0521/154320.101:VERBOSE1:media_stream_manager.cc(1533)] MSPL::OnSpeedLimitChange({this=000059DC0235AD40}, {new_limit=71})
[13096:15684:0521/154321.102:VERBOSE1:media_stream_manager.cc(1533)] MSPL::OnSpeedLimitChange({this=000059DC0235AD40}, {new_limit=70})
[13096:15684:0521/154322.102:VERBOSE1:media_stream_manager.cc(1533)] MSPL::OnSpeedLimitChange({this=000059DC0235AD40}, {new_limit=71})
[13096:6636:0521/154323.091:VERBOSE1:device_event_log_impl.cc(198)] [15:43:23.091] Display: EVENT: screen_win.cc:893 Displays updated, count: 1
[13096:6636:0521/154323.091:VERBOSE1:device_event_log_impl.cc(198)] [15:43:23.091] Display: EVENT: screen_win.cc:895 Display[2479531247] bounds=[0,0 1707x960], workarea=[0,0 1707x912], scale=1.5, rotation=0, panel_rotation=0 external detected
[13096:15684:0521/154324.974:VERBOSE1:media_stream_manager.cc(1533)] MSPL::OnSpeedLimitChange({this=000059DC0235AD40}, {new_limit=73})
[13096:15684:0521/154325.972:VERBOSE1:media_stream_manager.cc(1533)] MSPL::OnSpeedLimitChange({this=000059DC0235AD40}, {new_limit=76})
[13096:15684:0521/154327.049:VERBOSE1:media_stream_manager.cc(1533)] MSPL::OnSpeedLimitChange({this=000059DC0235AD40}, {new_limit=100})
[13096:15684:0521/154336.982:VERBOSE1:media_stream_manager.cc(1533)] MSPL::OnSpeedLimitChange({this=000059DC0235AD40}, {new_limit=75})
[13096:15684:0521/154337.986:VERBOSE1:media_stream_manager.cc(1533)] MSPL::OnSpeedLimitChange({this=000059DC0235AD40}, {new_limit=74})
[13096:15684:0521/154338.991:VERBOSE1:media_stream_manager.cc(1533)] MSPL::OnSpeedLimitChange({this=000059DC0235AD40}, {new_limit=73})
[13096:15684:0521/154339.993:VERBOSE1:media_stream_manager.cc(1533)] MSPL::OnSpeedLimitChange({this=000059DC0235AD40}, {new_limit=74})
[13096:15684:0521/154340.990:VERBOSE1:media_stream_manager.cc(1533)] MSPL::OnSpeedLimitChange({this=000059DC0235AD40}, {new_limit=73})
[13096:15684:0521/154341.991:VERBOSE1:media_stream_manager.cc(1533)] MSPL::OnSpeedLimitChange({this=000059DC0235AD40}, {new_limit=71})
[13096:15684:0521/154342.992:VERBOSE1:media_stream_manager.cc(1533)] MSPL::OnSpeedLimitChange({this=000059DC0235AD40}, {new_limit=69})
[13096:15684:0521/154343.993:VERBOSE1:media_stream_manager.cc(1533)] MSPL::OnSpeedLimitChange({this=000059DC0235AD40}, {new_limit=66})
[13096:15684:0521/154344.997:VERBOSE1:media_stream_manager.cc(1533)] MSPL::OnSpeedLimitChange({this=000059DC0235AD40}, {new_limit=64})
[13096:15684:0521/154346.002:VERBOSE1:media_stream_manager.cc(1533)] MSPL::OnSpeedLimitChange({this=000059DC0235AD40}, {new_limit=62})
[13096:15684:0521/154347.001:VERBOSE1:media_stream_manager.cc(1533)] MSPL::OnSpeedLimitChange({this=000059DC0235AD40}, {new_limit=61})
[13096:15684:0521/154348.993:VERBOSE1:media_stream_manager.cc(1533)] MSPL::OnSpeedLimitChange({this=000059DC0235AD40}, {new_limit=59})
[13096:15684:0521/154349.987:VERBOSE1:media_stream_manager.cc(1533)] MSPL::OnSpeedLimitChange({this=000059DC0235AD40}, {new_limit=56})
[13096:15684:0521/154352.997:VERBOSE1:media_stream_manager.cc(1533)] MSPL::OnSpeedLimitChange({this=000059DC0235AD40}, {new_limit=57})
[13096:15684:0521/154356.995:VERBOSE1:media_stream_manager.cc(1533)] MSPL::OnSpeedLimitChange({this=000059DC0235AD40}, {new_limit=58})
[13096:15684:0521/154358.998:VERBOSE1:media_stream_manager.cc(1533)] MSPL::OnSpeedLimitChange({this=000059DC0235AD40}, {new_limit=56})
[13096:15684:0521/154400.009:VERBOSE1:media_stream_manager.cc(1533)] MSPL::OnSpeedLimitChange({this=000059DC0235AD40}, {new_limit=57})
[13096:15684:0521/154400.997:VERBOSE1:media_stream_manager.cc(1533)] MSPL::OnSpeedLimitChange({this=000059DC0235AD40}, {new_limit=56})
[13096:15684:0521/154403.022:VERBOSE1:media_stream_manager.cc(1533)] MSPL::OnSpeedLimitChange({this=000059DC0235AD40}, {new_limit=55})
[13096:15684:0521/154405.004:VERBOSE1:media_stream_manager.cc(1533)] MSPL::OnSpeedLimitChange({this=000059DC0235AD40}, {new_limit=59})
[13096:15684:0521/154406.003:VERBOSE1:media_stream_manager.cc(1533)] MSPL::OnSpeedLimitChange({this=000059DC0235AD40}, {new_limit=60})
[13096:15684:0521/154408.011:VERBOSE1:media_stream_manager.cc(1533)] MSPL::OnSpeedLimitChange({this=000059DC0235AD40}, {new_limit=59})
[13096:15684:0521/154409.011:VERBOSE1:media_stream_manager.cc(1533)] MSPL::OnSpeedLimitChange({this=000059DC0235AD40}, {new_limit=61})
[13096:15684:0521/154409.998:VERBOSE1:media_stream_manager.cc(1533)] MSPL::OnSpeedLimitChange({this=000059DC0235AD40}, {new_limit=60})
[13096:15684:0521/154411.014:VERBOSE1:media_stream_manager.cc(1533)] MSPL::OnSpeedLimitChange({this=000059DC0235AD40}, {new_limit=59})
[13096:15684:0521/154414.000:VERBOSE1:media_stream_manager.cc(1533)] MSPL::OnSpeedLimitChange({this=000059DC0235AD40}, {new_limit=60})
[13096:15684:0521/154415.002:VERBOSE1:media_stream_manager.cc(1533)] MSPL::OnSpeedLimitChange({this=000059DC0235AD40}, {new_limit=57})
[13096:15684:0521/154416.008:VERBOSE1:media_stream_manager.cc(1533)] MSPL::OnSpeedLimitChange({this=000059DC0235AD40}, {new_limit=56})
[13096:15684:0521/154420.020:VERBOSE1:media_stream_manager.cc(1533)] MSPL::OnSpeedLimitChange({this=000059DC0235AD40}, {new_limit=57})
[13096:15684:0521/154421.025:VERBOSE1:media_stream_manager.cc(1533)] MSPL::OnSpeedLimitChange({this=000059DC0235AD40}, {new_limit=58})
[13096:15684:0521/154422.023:VERBOSE1:media_stream_manager.cc(1533)] MSPL::OnSpeedLimitChange({this=000059DC0235AD40}, {new_limit=59})
[13096:15684:0521/154423.026:VERBOSE1:media_stream_manager.cc(1533)] MSPL::OnSpeedLimitChange({this=000059DC0235AD40}, {new_limit=58})
[13096:15684:0521/154424.030:VERBOSE1:media_stream_manager.cc(1533)] MSPL::OnSpeedLimitChange({this=000059DC0235AD40}, {new_limit=57})
[13096:15684:0521/154425.022:VERBOSE1:media_stream_manager.cc(1533)] MSPL::OnSpeedLimitChange({this=000059DC0235AD40}, {new_limit=59})
[13096:15684:0521/154426.020:VERBOSE1:media_stream_manager.cc(1533)] MSPL::OnSpeedLimitChange({this=000059DC0235AD40}, {new_limit=58})
[13096:15684:0521/154427.015:VERBOSE1:media_stream_manager.cc(1533)] MSPL::OnSpeedLimitChange({this=000059DC0235AD40}, {new_limit=57})
[13096:15684:0521/154429.031:VERBOSE1:media_stream_manager.cc(1533)] MSPL::OnSpeedLimitChange({this=000059DC0235AD40}, {new_limit=58})
[13096:15684:0521/154430.012:VERBOSE1:media_stream_manager.cc(1533)] MSPL::OnSpeedLimitChange({this=000059DC0235AD40}, {new_limit=59})
[13096:15684:0521/154431.019:VERBOSE1:media_stream_manager.cc(1533)] MSPL::OnSpeedLimitChange({this=000059DC0235AD40}, {new_limit=58})
[13096:15684:0521/154432.030:VERBOSE1:media_stream_manager.cc(1533)] MSPL::OnSpeedLimitChange({this=000059DC0235AD40}, {new_limit=57})
[13096:15684:0521/154433.027:VERBOSE1:media_stream_manager.cc(1533)] MSPL::OnSpeedLimitChange({this=000059DC0235AD40}, {new_limit=61})
[13096:15684:0521/154436.054:VERBOSE1:media_stream_manager.cc(1533)] MSPL::OnSpeedLimitChange({this=000059DC0235AD40}, {new_limit=62})
[13096:15684:0521/154437.033:VERBOSE1:media_stream_manager.cc(1533)] MSPL::OnSpeedLimitChange({this=000059DC0235AD40}, {new_limit=59})
[13096:15684:0521/154438.020:VERBOSE1:media_stream_manager.cc(1533)] MSPL::OnSpeedLimitChange({this=000059DC0235AD40}, {new_limit=60})
[13096:15684:0521/154441.025:VERBOSE1:media_stream_manager.cc(1533)] MSPL::OnSpeedLimitChange({this=000059DC0235AD40}, {new_limit=63})
[13096:15684:0521/154444.036:VERBOSE1:media_stream_manager.cc(1533)] MSPL::OnSpeedLimitChange({this=000059DC0235AD40}, {new_limit=64})
[13096:15684:0521/154445.043:VERBOSE1:media_stream_manager.cc(1533)] MSPL::OnSpeedLimitChange({this=000059DC0235AD40}, {new_limit=63})
[13096:15684:0521/154446.032:VERBOSE1:media_stream_manager.cc(1533)] MSPL::OnSpeedLimitChange({this=000059DC0235AD40}, {new_limit=64})
[13096:15684:0521/154447.045:VERBOSE1:media_stream_manager.cc(1533)] MSPL::OnSpeedLimitChange({this=000059DC0235AD40}, {new_limit=67})
[13096:15684:0521/154448.028:VERBOSE1:media_stream_manager.cc(1533)] MSPL::OnSpeedLimitChange({this=000059DC0235AD40}, {new_limit=66})
[13096:15684:0521/154449.036:VERBOSE1:media_stream_manager.cc(1533)] MSPL::OnSpeedLimitChange({this=000059DC0235AD40}, {new_limit=67})
[13096:15684:0521/154450.026:VERBOSE1:media_stream_manager.cc(1533)] MSPL::OnSpeedLimitChange({this=000059DC0235AD40}, {new_limit=68})
[13096:15684:0521/154451.032:VERBOSE1:media_stream_manager.cc(1533)] MSPL::OnSpeedLimitChange({this=000059DC0235AD40}, {new_limit=65})
[13096:15684:0521/154453.030:VERBOSE1:media_stream_manager.cc(1533)] MSPL::OnSpeedLimitChange({this=000059DC0235AD40}, {new_limit=62})
[13096:15684:0521/154454.047:VERBOSE1:media_stream_manager.cc(1533)] MSPL::OnSpeedLimitChange({this=000059DC0235AD40}, {new_limit=60})
[13096:15684:0521/154459.033:VERBOSE1:media_stream_manager.cc(1533)] MSPL::OnSpeedLimitChange({this=000059DC0235AD40}, {new_limit=59})
[13096:15684:0521/154501.044:VERBOSE1:media_stream_manager.cc(1533)] MSPL::OnSpeedLimitChange({this=000059DC0235AD40}, {new_limit=60})
[13096:15684:0521/154502.049:VERBOSE1:media_stream_manager.cc(1533)] MSPL::OnSpeedLimitChange({this=000059DC0235AD40}, {new_limit=59})
[13096:15684:0521/154503.051:VERBOSE1:media_stream_manager.cc(1533)] MSPL::OnSpeedLimitChange({this=000059DC0235AD40}, {new_limit=58})
[13096:15684:0521/154504.041:VERBOSE1:media_stream_manager.cc(1533)] MSPL::OnSpeedLimitChange({this=000059DC0235AD40}, {new_limit=59})
[13096:15684:0521/154505.061:VERBOSE1:media_stream_manager.cc(1533)] MSPL::OnSpeedLimitChange({this=000059DC0235AD40}, {new_limit=60})
[13096:15684:0521/154508.047:VERBOSE1:media_stream_manager.cc(1533)] MSPL::OnSpeedLimitChange({this=000059DC0235AD40}, {new_limit=59})
[13096:15684:0521/154509.042:VERBOSE1:media_stream_manager.cc(1533)] MSPL::OnSpeedLimitChange({this=000059DC0235AD40}, {new_limit=58})
[13096:15684:0521/154510.045:VERBOSE1:media_stream_manager.cc(1533)] MSPL::OnSpeedLimitChange({this=000059DC0235AD40}, {new_limit=57})
[13096:15684:0521/154512.064:VERBOSE1:media_stream_manager.cc(1533)] MSPL::OnSpeedLimitChange({this=000059DC0235AD40}, {new_limit=59})
[13096:15684:0521/154513.063:VERBOSE1:media_stream_manager.cc(1533)] MSPL::OnSpeedLimitChange({this=000059DC0235AD40}, {new_limit=61})
[13096:15684:0521/154514.051:VERBOSE1:media_stream_manager.cc(1533)] MSPL::OnSpeedLimitChange({this=000059DC0235AD40}, {new_limit=62})
[13096:15684:0521/154515.060:VERBOSE1:media_stream_manager.cc(1533)] MSPL::OnSpeedLimitChange({this=000059DC0235AD40}, {new_limit=59})
[14056:17712:0521/154515.759:VERBOSE1:network_delegate.cc(36)] NetworkDelegate::NotifyBeforeURLRequest: https://optimizationguide-pa.googleapis.com/v1:GetModels?key=dummytoken
[14056:17712:0521/154515.765:VERBOSE1:tls_handshaker.cc(105)] TlsClient: Continuing handshake
[14056:17712:0521/154515.766:VERBOSE1:tls_handshaker.cc(126)] TlsClient: SSL_do_handshake returned when entering early data. After retry, rv=-1, SSL_in_early_data=1
[14056:17712:0521/154515.773:VERBOSE1:tls_handshaker.cc(105)] TlsClient: Continuing handshake
[14056:17712:0521/154515.773:VERBOSE1:tls_handshaker.cc(105)] TlsClient: Continuing handshake
[14056:17712:0521/154515.774:VERBOSE1:tls_client_handshaker.cc(528)] Client: handshake finished
[13096:15684:0521/154517.075:VERBOSE1:media_stream_manager.cc(1533)] MSPL::OnSpeedLimitChange({this=000059DC0235AD40}, {new_limit=60})
[13096:15684:0521/154518.067:VERBOSE1:media_stream_manager.cc(1533)] MSPL::OnSpeedLimitChange({this=000059DC0235AD40}, {new_limit=62})
[13096:15684:0521/154519.064:VERBOSE1:media_stream_manager.cc(1533)] MSPL::OnSpeedLimitChange({this=000059DC0235AD40}, {new_limit=63})
[13096:15684:0521/154520.085:VERBOSE1:media_stream_manager.cc(1533)] MSPL::OnSpeedLimitChange({this=000059DC0235AD40}, {new_limit=62})
[13096:15684:0521/154521.060:VERBOSE1:media_stream_manager.cc(1533)] MSPL::OnSpeedLimitChange({this=000059DC0235AD40}, {new_limit=63})
[13096:15684:0521/154522.053:VERBOSE1:media_stream_manager.cc(1533)] MSPL::OnSpeedLimitChange({this=000059DC0235AD40}, {new_limit=64})
[13096:15684:0521/154523.155:VERBOSE1:media_stream_manager.cc(1533)] MSPL::OnSpeedLimitChange({this=000059DC0235AD40}, {new_limit=63})
[13096:15684:0521/154524.076:VERBOSE1:media_stream_manager.cc(1533)] MSPL::OnSpeedLimitChange({this=000059DC0235AD40}, {new_limit=64})
[13096:15684:0521/154527.069:VERBOSE1:media_stream_manager.cc(1533)] MSPL::OnSpeedLimitChange({this=000059DC0235AD40}, {new_limit=63})
[13096:15684:0521/154528.069:VERBOSE1:media_stream_manager.cc(1533)] MSPL::OnSpeedLimitChange({this=000059DC0235AD40}, {new_limit=59})
[13096:15684:0521/154529.083:VERBOSE1:media_stream_manager.cc(1533)] MSPL::OnSpeedLimitChange({this=000059DC0235AD40}, {new_limit=57})
[13096:15684:0521/154530.084:VERBOSE1:media_stream_manager.cc(1533)] MSPL::OnSpeedLimitChange({this=000059DC0235AD40}, {new_limit=56})
[13096:15684:0521/154531.086:VERBOSE1:media_stream_manager.cc(1533)] MSPL::OnSpeedLimitChange({this=000059DC0235AD40}, {new_limit=53})
[13096:15684:0521/154532.065:VERBOSE1:media_stream_manager.cc(1533)] MSPL::OnSpeedLimitChange({this=000059DC0235AD40}, {new_limit=52})
[13096:15684:0521/154533.062:VERBOSE1:media_stream_manager.cc(1533)] MSPL::OnSpeedLimitChange({this=000059DC0235AD40}, {new_limit=51})
[13096:15684:0521/154534.069:VERBOSE1:media_stream_manager.cc(1533)] MSPL::OnSpeedLimitChange({this=000059DC0235AD40}, {new_limit=49})
[13096:15684:0521/154537.093:VERBOSE1:media_stream_manager.cc(1533)] MSPL::OnSpeedLimitChange({this=000059DC0235AD40}, {new_limit=48})
[13096:15684:0521/154538.065:VERBOSE1:media_stream_manager.cc(1533)] MSPL::OnSpeedLimitChange({this=000059DC0235AD40}, {new_limit=50})
[13096:15684:0521/154541.071:VERBOSE1:media_stream_manager.cc(1533)] MSPL::OnSpeedLimitChange({this=000059DC0235AD40}, {new_limit=51})
[13096:15684:0521/154542.082:VERBOSE1:media_stream_manager.cc(1533)] MSPL::OnSpeedLimitChange({this=000059DC0235AD40}, {new_limit=49})
[13096:15684:0521/154543.084:VERBOSE1:media_stream_manager.cc(1533)] MSPL::OnSpeedLimitChange({this=000059DC0235AD40}, {new_limit=50})
[13096:15684:0521/154544.071:VERBOSE1:media_stream_manager.cc(1533)] MSPL::OnSpeedLimitChange({this=000059DC0235AD40}, {new_limit=49})
[13096:15684:0521/154545.071:VERBOSE1:media_stream_manager.cc(1533)] MSPL::OnSpeedLimitChange({this=000059DC0235AD40}, {new_limit=48})
[13096:15684:0521/154547.085:VERBOSE1:media_stream_manager.cc(1533)] MSPL::OnSpeedLimitChange({this=000059DC0235AD40}, {new_limit=51})
[13096:15684:0521/154548.070:VERBOSE1:media_stream_manager.cc(1533)] MSPL::OnSpeedLimitChange({this=000059DC0235AD40}, {new_limit=50})
[13096:15684:0521/154549.074:VERBOSE1:media_stream_manager.cc(1533)] MSPL::OnSpeedLimitChange({this=000059DC0235AD40}, {new_limit=52})
[13096:15684:0521/154550.087:VERBOSE1:media_stream_manager.cc(1533)] MSPL::OnSpeedLimitChange({this=000059DC0235AD40}, {new_limit=53})
[13096:15684:0521/154551.084:VERBOSE1:media_stream_manager.cc(1533)] MSPL::OnSpeedLimitChange({this=000059DC0235AD40}, {new_limit=54})
[13096:15684:0521/154552.079:VERBOSE1:media_stream_manager.cc(1533)] MSPL::OnSpeedLimitChange({this=000059DC0235AD40}, {new_limit=56})
[13096:15684:0521/154553.088:VERBOSE1:media_stream_manager.cc(1533)] MSPL::OnSpeedLimitChange({this=000059DC0235AD40}, {new_limit=57})
[13096:15684:0521/154554.074:VERBOSE1:media_stream_manager.cc(1533)] MSPL::OnSpeedLimitChange({this=000059DC0235AD40}, {new_limit=59})
[13096:15684:0521/154555.073:VERBOSE1:media_stream_manager.cc(1533)] MSPL::OnSpeedLimitChange({this=000059DC0235AD40}, {new_limit=60})
[13096:15684:0521/154556.093:VERBOSE1:media_stream_manager.cc(1533)] MSPL::OnSpeedLimitChange({this=000059DC0235AD40}, {new_limit=59})
[13096:15684:0521/154557.095:VERBOSE1:media_stream_manager.cc(1533)] MSPL::OnSpeedLimitChange({this=000059DC0235AD40}, {new_limit=61})
[13096:15684:0521/154559.087:VERBOSE1:media_stream_manager.cc(1533)] MSPL::OnSpeedLimitChange({this=000059DC0235AD40}, {new_limit=59})
[13096:15684:0521/154600.087:VERBOSE1:media_stream_manager.cc(1533)] MSPL::OnSpeedLimitChange({this=000059DC0235AD40}, {new_limit=58})
[13096:15684:0521/154601.095:VERBOSE1:media_stream_manager.cc(1533)] MSPL::OnSpeedLimitChange({this=000059DC0235AD40}, {new_limit=59})
[13096:15684:0521/154602.091:VERBOSE1:media_stream_manager.cc(1533)] MSPL::OnSpeedLimitChange({this=000059DC0235AD40}, {new_limit=58})
[13096:15684:0521/154604.091:VERBOSE1:media_stream_manager.cc(1533)] MSPL::OnSpeedLimitChange({this=000059DC0235AD40}, {new_limit=57})
[13096:15684:0521/154605.093:VERBOSE1:media_stream_manager.cc(1533)] MSPL::OnSpeedLimitChange({this=000059DC0235AD40}, {new_limit=58})
[13096:15684:0521/154607.086:VERBOSE1:media_stream_manager.cc(1533)] MSPL::OnSpeedLimitChange({this=000059DC0235AD40}, {new_limit=55})
[13096:15684:0521/154608.091:VERBOSE1:media_stream_manager.cc(1533)] MSPL::OnSpeedLimitChange({this=000059DC0235AD40}, {new_limit=56})
[13096:15684:0521/154609.114:VERBOSE1:media_stream_manager.cc(1533)] MSPL::OnSpeedLimitChange({this=000059DC0235AD40}, {new_limit=58})
[13096:15684:0521/154610.086:VERBOSE1:media_stream_manager.cc(1533)] MSPL::OnSpeedLimitChange({this=000059DC0235AD40}, {new_limit=59})
[13096:15684:0521/154611.101:VERBOSE1:media_stream_manager.cc(1533)] MSPL::OnSpeedLimitChange({this=000059DC0235AD40}, {new_limit=58})
[13096:15684:0521/154612.100:VERBOSE1:media_stream_manager.cc(1533)] MSPL::OnSpeedLimitChange({this=000059DC0235AD40}, {new_limit=57})
[13096:15684:0521/154614.107:VERBOSE1:media_stream_manager.cc(1533)] MSPL::OnSpeedLimitChange({this=000059DC0235AD40}, {new_limit=56})
[13096:15684:0521/154615.106:VERBOSE1:media_stream_manager.cc(1533)] MSPL::OnSpeedLimitChange({this=000059DC0235AD40}, {new_limit=55})
[13096:15684:0521/154617.113:VERBOSE1:media_stream_manager.cc(1533)] MSPL::OnSpeedLimitChange({this=000059DC0235AD40}, {new_limit=56})
[13096:15684:0521/154619.120:VERBOSE1:media_stream_manager.cc(1533)] MSPL::OnSpeedLimitChange({this=000059DC0235AD40}, {new_limit=57})
[13096:15684:0521/154620.105:VERBOSE1:media_stream_manager.cc(1533)] MSPL::OnSpeedLimitChange({this=000059DC0235AD40}, {new_limit=59})
[13096:15684:0521/154621.130:VERBOSE1:media_stream_manager.cc(1533)] MSPL::OnSpeedLimitChange({this=000059DC0235AD40}, {new_limit=63})
[13096:15684:0521/154622.119:VERBOSE1:media_stream_manager.cc(1533)] MSPL::OnSpeedLimitChange({this=000059DC0235AD40}, {new_limit=65})
[13096:15684:0521/154623.125:VERBOSE1:media_stream_manager.cc(1533)] MSPL::OnSpeedLimitChange({this=000059DC0235AD40}, {new_limit=64})
[13096:15684:0521/154624.105:VERBOSE1:media_stream_manager.cc(1533)] MSPL::OnSpeedLimitChange({this=000059DC0235AD40}, {new_limit=66})
[13096:15684:0521/154625.127:VERBOSE1:media_stream_manager.cc(1533)] MSPL::OnSpeedLimitChange({this=000059DC0235AD40}, {new_limit=71})
[13096:15684:0521/154627.099:VERBOSE1:media_stream_manager.cc(1533)] MSPL::OnSpeedLimitChange({this=000059DC0235AD40}, {new_limit=72})
[13096:15684:0521/154629.125:VERBOSE1:media_stream_manager.cc(1533)] MSPL::OnSpeedLimitChange({this=000059DC0235AD40}, {new_limit=70})
[13096:15684:0521/154630.120:VERBOSE1:media_stream_manager.cc(1533)] MSPL::OnSpeedLimitChange({this=000059DC0235AD40}, {new_limit=69})
[13096:15684:0521/154631.103:VERBOSE1:media_stream_manager.cc(1533)] MSPL::OnSpeedLimitChange({this=000059DC0235AD40}, {new_limit=70})
[13096:15684:0521/154632.125:VERBOSE1:media_stream_manager.cc(1533)] MSPL::OnSpeedLimitChange({this=000059DC0235AD40}, {new_limit=71})
[13096:15684:0521/154634.108:VERBOSE1:media_stream_manager.cc(1533)] MSPL::OnSpeedLimitChange({this=000059DC0235AD40}, {new_limit=72})
[13096:15684:0521/154638.147:VERBOSE1:media_stream_manager.cc(1533)] MSPL::OnSpeedLimitChange({this=000059DC0235AD40}, {new_limit=69})
[13096:15684:0521/154639.134:VERBOSE1:media_stream_manager.cc(1533)] MSPL::OnSpeedLimitChange({this=000059DC0235AD40}, {new_limit=70})
[13096:15684:0521/154641.147:VERBOSE1:media_stream_manager.cc(1533)] MSPL::OnSpeedLimitChange({this=000059DC0235AD40}, {new_limit=66})
[13096:15684:0521/154642.122:VERBOSE1:media_stream_manager.cc(1533)] MSPL::OnSpeedLimitChange({this=000059DC0235AD40}, {new_limit=63})
[13096:15684:0521/154644.143:VERBOSE1:media_stream_manager.cc(1533)] MSPL::OnSpeedLimitChange({this=000059DC0235AD40}, {new_limit=60})
[13096:15684:0521/154645.117:VERBOSE1:media_stream_manager.cc(1533)] MSPL::OnSpeedLimitChange({this=000059DC0235AD40}, {new_limit=56})
[13096:15684:0521/154647.133:VERBOSE1:media_stream_manager.cc(1533)] MSPL::OnSpeedLimitChange({this=000059DC0235AD40}, {new_limit=58})
[13096:15684:0521/154648.137:VERBOSE1:media_stream_manager.cc(1533)] MSPL::OnSpeedLimitChange({this=000059DC0235AD40}, {new_limit=61})
[13096:15684:0521/154649.141:VERBOSE1:media_stream_manager.cc(1533)] MSPL::OnSpeedLimitChange({this=000059DC0235AD40}, {new_limit=62})
[13096:15684:0521/154651.117:VERBOSE1:media_stream_manager.cc(1533)] MSPL::OnSpeedLimitChange({this=000059DC0235AD40}, {new_limit=64})
[13096:15684:0521/154652.148:VERBOSE1:media_stream_manager.cc(1533)] MSPL::OnSpeedLimitChange({this=000059DC0235AD40}, {new_limit=66})
[13096:15684:0521/154653.135:VERBOSE1:media_stream_manager.cc(1533)] MSPL::OnSpeedLimitChange({this=000059DC0235AD40}, {new_limit=67})
[13096:15684:0521/154654.151:VERBOSE1:media_stream_manager.cc(1533)] MSPL::OnSpeedLimitChange({this=000059DC0235AD40}, {new_limit=70})
[13096:15684:0521/154655.128:VERBOSE1:media_stream_manager.cc(1533)] MSPL::OnSpeedLimitChange({this=000059DC0235AD40}, {new_limit=73})
[13096:15684:0521/154656.165:VERBOSE1:media_stream_manager.cc(1533)] MSPL::OnSpeedLimitChange({this=000059DC0235AD40}, {new_limit=72})
[13096:15684:0521/154657.140:VERBOSE1:media_stream_manager.cc(1533)] MSPL::OnSpeedLimitChange({this=000059DC0235AD40}, {new_limit=70})
[13096:15684:0521/154658.123:VERBOSE1:media_stream_manager.cc(1533)] MSPL::OnSpeedLimitChange({this=000059DC0235AD40}, {new_limit=68})
[13096:15684:0521/154659.138:VERBOSE1:media_stream_manager.cc(1533)] MSPL::OnSpeedLimitChange({this=000059DC0235AD40}, {new_limit=64})
[13096:15684:0521/154700.129:VERBOSE1:media_stream_manager.cc(1533)] MSPL::OnSpeedLimitChange({this=000059DC0235AD40}, {new_limit=61})
[13096:15684:0521/154701.127:VERBOSE1:media_stream_manager.cc(1533)] MSPL::OnSpeedLimitChange({this=000059DC0235AD40}, {new_limit=63})
[13096:15684:0521/154702.130:VERBOSE1:media_stream_manager.cc(1533)] MSPL::OnSpeedLimitChange({this=000059DC0235AD40}, {new_limit=62})
[13096:15684:0521/154703.137:VERBOSE1:media_stream_manager.cc(1533)] MSPL::OnSpeedLimitChange({this=000059DC0235AD40}, {new_limit=58})
[13096:15684:0521/154704.141:VERBOSE1:media_stream_manager.cc(1533)] MSPL::OnSpeedLimitChange({this=000059DC0235AD40}, {new_limit=55})
[13096:15684:0521/154705.127:VERBOSE1:media_stream_manager.cc(1533)] MSPL::OnSpeedLimitChange({this=000059DC0235AD40}, {new_limit=54})
[13096:15684:0521/154706.149:VERBOSE1:media_stream_manager.cc(1533)] MSPL::OnSpeedLimitChange({this=000059DC0235AD40}, {new_limit=53})
[13096:15684:0521/154707.141:VERBOSE1:media_stream_manager.cc(1533)] MSPL::OnSpeedLimitChange({this=000059DC0235AD40}, {new_limit=54})
[13096:15684:0521/154709.193:VERBOSE1:media_stream_manager.cc(1533)] MSPL::OnSpeedLimitChange({this=000059DC0235AD40}, {new_limit=58})
[13096:15684:0521/154710.152:VERBOSE1:media_stream_manager.cc(1533)] MSPL::OnSpeedLimitChange({this=000059DC0235AD40}, {new_limit=62})
[13096:15684:0521/154712.136:VERBOSE1:media_stream_manager.cc(1533)] MSPL::OnSpeedLimitChange({this=000059DC0235AD40}, {new_limit=64})
[13096:15684:0521/154713.139:VERBOSE1:media_stream_manager.cc(1533)] MSPL::OnSpeedLimitChange({this=000059DC0235AD40}, {new_limit=66})
[13096:15684:0521/154715.149:VERBOSE1:media_stream_manager.cc(1533)] MSPL::OnSpeedLimitChange({this=000059DC0235AD40}, {new_limit=64})
[13096:15684:0521/154716.142:VERBOSE1:media_stream_manager.cc(1533)] MSPL::OnSpeedLimitChange({this=000059DC0235AD40}, {new_limit=63})
[13096:15684:0521/154718.148:VERBOSE1:media_stream_manager.cc(1533)] MSPL::OnSpeedLimitChange({this=000059DC0235AD40}, {new_limit=65})
[13096:15684:0521/154719.159:VERBOSE1:media_stream_manager.cc(1533)] MSPL::OnSpeedLimitChange({this=000059DC0235AD40}, {new_limit=64})
[13096:15684:0521/154720.155:VERBOSE1:media_stream_manager.cc(1533)] MSPL::OnSpeedLimitChange({this=000059DC0235AD40}, {new_limit=62})
[13096:15684:0521/154721.168:VERBOSE1:media_stream_manager.cc(1533)] MSPL::OnSpeedLimitChange({this=000059DC0235AD40}, {new_limit=63})
[13096:15684:0521/154722.161:VERBOSE1:media_stream_manager.cc(1533)] MSPL::OnSpeedLimitChange({this=000059DC0235AD40}, {new_limit=61})
[13096:15684:0521/154723.153:VERBOSE1:media_stream_manager.cc(1533)] MSPL::OnSpeedLimitChange({this=000059DC0235AD40}, {new_limit=62})
[13096:15684:0521/154725.150:VERBOSE1:media_stream_manager.cc(1533)] MSPL::OnSpeedLimitChange({this=000059DC0235AD40}, {new_limit=63})
[13096:15684:0521/154726.149:VERBOSE1:media_stream_manager.cc(1533)] MSPL::OnSpeedLimitChange({this=000059DC0235AD40}, {new_limit=66})
[13096:15684:0521/154727.147:VERBOSE1:media_stream_manager.cc(1533)] MSPL::OnSpeedLimitChange({this=000059DC0235AD40}, {new_limit=64})
[13096:15684:0521/154728.156:VERBOSE1:media_stream_manager.cc(1533)] MSPL::OnSpeedLimitChange({this=000059DC0235AD40}, {new_limit=62})
[13096:15684:0521/154729.167:VERBOSE1:media_stream_manager.cc(1533)] MSPL::OnSpeedLimitChange({this=000059DC0235AD40}, {new_limit=61})
[13096:15684:0521/154730.167:VERBOSE1:media_stream_manager.cc(1533)] MSPL::OnSpeedLimitChange({this=000059DC0235AD40}, {new_limit=60})
[13096:15684:0521/154731.152:VERBOSE1:media_stream_manager.cc(1533)] MSPL::OnSpeedLimitChange({this=000059DC0235AD40}, {new_limit=57})
[13096:15684:0521/154732.169:VERBOSE1:media_stream_manager.cc(1533)] MSPL::OnSpeedLimitChange({this=000059DC0235AD40}, {new_limit=56})
[13096:15684:0521/154733.439:VERBOSE1:media_stream_manager.cc(1533)] MSPL::OnSpeedLimitChange({this=000059DC0235AD40}, {new_limit=58})
[13096:15684:0521/154734.152:VERBOSE1:media_stream_manager.cc(1533)] MSPL::OnSpeedLimitChange({this=000059DC0235AD40}, {new_limit=60})
[13096:15684:0521/154735.156:VERBOSE1:media_stream_manager.cc(1533)] MSPL::OnSpeedLimitChange({this=000059DC0235AD40}, {new_limit=61})
[13096:15684:0521/154736.177:VERBOSE1:media_stream_manager.cc(1533)] MSPL::OnSpeedLimitChange({this=000059DC0235AD40}, {new_limit=62})
[13096:15684:0521/154737.153:VERBOSE1:media_stream_manager.cc(1533)] MSPL::OnSpeedLimitChange({this=000059DC0235AD40}, {new_limit=60})
[13096:15684:0521/154738.155:VERBOSE1:media_stream_manager.cc(1533)] MSPL::OnSpeedLimitChange({this=000059DC0235AD40}, {new_limit=63})
[13096:15684:0521/154739.187:VERBOSE1:media_stream_manager.cc(1533)] MSPL::OnSpeedLimitChange({this=000059DC0235AD40}, {new_limit=64})
[13096:15684:0521/154740.165:VERBOSE1:media_stream_manager.cc(1533)] MSPL::OnSpeedLimitChange({this=000059DC0235AD40}, {new_limit=61})
[13096:15684:0521/154741.167:VERBOSE1:media_stream_manager.cc(1533)] MSPL::OnSpeedLimitChange({this=000059DC0235AD40}, {new_limit=62})
[13096:15684:0521/154742.161:VERBOSE1:media_stream_manager.cc(1533)] MSPL::OnSpeedLimitChange({this=000059DC0235AD40}, {new_limit=63})
[13096:15684:0521/154743.175:VERBOSE1:media_stream_manager.cc(1533)] MSPL::OnSpeedLimitChange({this=000059DC0235AD40}, {new_limit=61})
[13096:15684:0521/154745.187:VERBOSE1:media_stream_manager.cc(1533)] MSPL::OnSpeedLimitChange({this=000059DC0235AD40}, {new_limit=63})
[13096:15684:0521/154746.188:VERBOSE1:media_stream_manager.cc(1533)] MSPL::OnSpeedLimitChange({this=000059DC0235AD40}, {new_limit=62})
[13096:15684:0521/154747.172:VERBOSE1:media_stream_manager.cc(1533)] MSPL::OnSpeedLimitChange({this=000059DC0235AD40}, {new_limit=66})
[13096:15684:0521/154748.191:VERBOSE1:media_stream_manager.cc(1533)] MSPL::OnSpeedLimitChange({this=000059DC0235AD40}, {new_limit=63})
[13096:15684:0521/154750.186:VERBOSE1:media_stream_manager.cc(1533)] MSPL::OnSpeedLimitChange({this=000059DC0235AD40}, {new_limit=67})
[13096:15684:0521/154753.202:VERBOSE1:media_stream_manager.cc(1533)] MSPL::OnSpeedLimitChange({this=000059DC0235AD40}, {new_limit=69})
[13096:15684:0521/154754.187:VERBOSE1:media_stream_manager.cc(1533)] MSPL::OnSpeedLimitChange({this=000059DC0235AD40}, {new_limit=68})
[13096:15684:0521/154755.195:VERBOSE1:media_stream_manager.cc(1533)] MSPL::OnSpeedLimitChange({this=000059DC0235AD40}, {new_limit=69})
[13096:15684:0521/154757.177:VERBOSE1:media_stream_manager.cc(1533)] MSPL::OnSpeedLimitChange({this=000059DC0235AD40}, {new_limit=68})
[13096:15684:0521/154800.201:VERBOSE1:media_stream_manager.cc(1533)] MSPL::OnSpeedLimitChange({this=000059DC0235AD40}, {new_limit=65})
[13096:15684:0521/154801.199:VERBOSE1:media_stream_manager.cc(1533)] MSPL::OnSpeedLimitChange({this=000059DC0235AD40}, {new_limit=63})
[13096:15684:0521/154802.180:VERBOSE1:media_stream_manager.cc(1533)] MSPL::OnSpeedLimitChange({this=000059DC0235AD40}, {new_limit=60})
[13096:15684:0521/154803.190:VERBOSE1:media_stream_manager.cc(1533)] MSPL::OnSpeedLimitChange({this=000059DC0235AD40}, {new_limit=59})
[13096:15684:0521/154804.176:VERBOSE1:media_stream_manager.cc(1533)] MSPL::OnSpeedLimitChange({this=000059DC0235AD40}, {new_limit=61})
[13096:15684:0521/154806.188:VERBOSE1:media_stream_manager.cc(1533)] MSPL::OnSpeedLimitChange({this=000059DC0235AD40}, {new_limit=62})
[13096:15684:0521/154807.193:VERBOSE1:media_stream_manager.cc(1533)] MSPL::OnSpeedLimitChange({this=000059DC0235AD40}, {new_limit=63})
[13096:15684:0521/154808.204:VERBOSE1:media_stream_manager.cc(1533)] MSPL::OnSpeedLimitChange({this=000059DC0235AD40}, {new_limit=64})
[13096:15684:0521/154810.185:VERBOSE1:media_stream_manager.cc(1533)] MSPL::OnSpeedLimitChange({this=000059DC0235AD40}, {new_limit=67})
[13096:15684:0521/154811.213:VERBOSE1:media_stream_manager.cc(1533)] MSPL::OnSpeedLimitChange({this=000059DC0235AD40}, {new_limit=70})
[14056:17712:0521/154811.434:VERBOSE1:network_delegate.cc(36)] NetworkDelegate::NotifyBeforeURLRequest: https://optimizationguide-pa.googleapis.com/v1:GetModels?key=dummytoken
[14056:17712:0521/154811.443:VERBOSE1:tls_handshaker.cc(105)] TlsClient: Continuing handshake
[14056:17712:0521/154811.444:VERBOSE1:tls_handshaker.cc(126)] TlsClient: SSL_do_handshake returned when entering early data. After retry, rv=-1, SSL_in_early_data=1
[14056:17712:0521/154811.453:VERBOSE1:tls_handshaker.cc(105)] TlsClient: Continuing handshake
[14056:17712:0521/154811.453:VERBOSE1:tls_handshaker.cc(105)] TlsClient: Continuing handshake
[14056:17712:0521/154811.454:VERBOSE1:tls_client_handshaker.cc(528)] Client: handshake finished
[13096:15684:0521/154812.289:VERBOSE1:media_stream_manager.cc(1533)] MSPL::OnSpeedLimitChange({this=000059DC0235AD40}, {new_limit=72})
[13096:15684:0521/154813.189:VERBOSE1:media_stream_manager.cc(1533)] MSPL::OnSpeedLimitChange({this=000059DC0235AD40}, {new_limit=70})
[13096:15684:0521/154814.184:VERBOSE1:media_stream_manager.cc(1533)] MSPL::OnSpeedLimitChange({this=000059DC0235AD40}, {new_limit=66})
[13096:15684:0521/154815.192:VERBOSE1:media_stream_manager.cc(1533)] MSPL::OnSpeedLimitChange({this=000059DC0235AD40}, {new_limit=61})
[13096:15684:0521/154817.378:VERBOSE1:media_stream_manager.cc(1533)] MSPL::OnSpeedLimitChange({this=000059DC0235AD40}, {new_limit=100})
[13096:15684:0521/154851.382:VERBOSE1:media_stream_manager.cc(1533)] MSPL::OnSpeedLimitChange({this=000059DC0235AD40}, {new_limit=76})
[13096:15684:0521/154852.383:VERBOSE1:media_stream_manager.cc(1533)] MSPL::OnSpeedLimitChange({this=000059DC0235AD40}, {new_limit=100})
[13096:15684:0521/155029.392:VERBOSE1:media_stream_manager.cc(1533)] MSPL::OnSpeedLimitChange({this=000059DC0235AD40}, {new_limit=79})
[13096:15684:0521/155030.391:VERBOSE1:media_stream_manager.cc(1533)] MSPL::OnSpeedLimitChange({this=000059DC0235AD40}, {new_limit=73})
[13096:15684:0521/155032.392:VERBOSE1:media_stream_manager.cc(1533)] MSPL::OnSpeedLimitChange({this=000059DC0235AD40}, {new_limit=74})
[13096:15684:0521/155033.391:VERBOSE1:media_stream_manager.cc(1533)] MSPL::OnSpeedLimitChange({this=000059DC0235AD40}, {new_limit=100})
[14056:17712:0521/155111.636:VERBOSE1:network_delegate.cc(36)] NetworkDelegate::NotifyBeforeURLRequest: https://optimizationguide-pa.googleapis.com/v1:GetModels?key=dummytoken
[14056:17712:0521/155111.643:VERBOSE1:tls_handshaker.cc(105)] TlsClient: Continuing handshake
[14056:17712:0521/155111.645:VERBOSE1:tls_handshaker.cc(126)] TlsClient: SSL_do_handshake returned when entering early data. After retry, rv=-1, SSL_in_early_data=1
[14056:17712:0521/155111.653:VERBOSE1:tls_handshaker.cc(105)] TlsClient: Continuing handshake
[14056:17712:0521/155111.653:VERBOSE1:tls_handshaker.cc(105)] TlsClient: Continuing handshake
[14056:17712:0521/155111.653:VERBOSE1:tls_client_handshaker.cc(528)] Client: handshake finished
[13096:15684:0521/155217.645:VERBOSE1:media_stream_manager.cc(1533)] MSPL::OnSpeedLimitChange({this=000059DC0235AD40}, {new_limit=82})
[13096:15684:0521/155220.643:VERBOSE1:media_stream_manager.cc(1533)] MSPL::OnSpeedLimitChange({this=000059DC0235AD40}, {new_limit=83})
[13096:15684:0521/155222.643:VERBOSE1:media_stream_manager.cc(1533)] MSPL::OnSpeedLimitChange({this=000059DC0235AD40}, {new_limit=81})
[13096:15684:0521/155223.644:VERBOSE1:media_stream_manager.cc(1533)] MSPL::OnSpeedLimitChange({this=000059DC0235AD40}, {new_limit=82})
[13096:15684:0521/155226.643:VERBOSE1:media_stream_manager.cc(1533)] MSPL::OnSpeedLimitChange({this=000059DC0235AD40}, {new_limit=81})
[13096:15684:0521/155228.643:VERBOSE1:media_stream_manager.cc(1533)] MSPL::OnSpeedLimitChange({this=000059DC0235AD40}, {new_limit=82})
[13096:15684:0521/155229.643:VERBOSE1:media_stream_manager.cc(1533)] MSPL::OnSpeedLimitChange({this=000059DC0235AD40}, {new_limit=81})
[13096:15684:0521/155230.645:VERBOSE1:media_stream_manager.cc(1533)] MSPL::OnSpeedLimitChange({this=000059DC0235AD40}, {new_limit=80})
[13096:15684:0521/155231.645:VERBOSE1:media_stream_manager.cc(1533)] MSPL::OnSpeedLimitChange({this=000059DC0235AD40}, {new_limit=100})
[13096:15684:0521/155249.645:VERBOSE1:media_stream_manager.cc(1533)] MSPL::OnSpeedLimitChange({this=000059DC0235AD40}, {new_limit=79})
[13096:15684:0521/155250.646:VERBOSE1:media_stream_manager.cc(1533)] MSPL::OnSpeedLimitChange({this=000059DC0235AD40}, {new_limit=80})
[13096:15684:0521/155252.645:VERBOSE1:media_stream_manager.cc(1533)] MSPL::OnSpeedLimitChange({this=000059DC0235AD40}, {new_limit=79})
[13096:15684:0521/155254.647:VERBOSE1:media_stream_manager.cc(1533)] MSPL::OnSpeedLimitChange({this=000059DC0235AD40}, {new_limit=81})
[13096:15684:0521/155255.647:VERBOSE1:media_stream_manager.cc(1533)] MSPL::OnSpeedLimitChange({this=000059DC0235AD40}, {new_limit=83})
[13096:15684:0521/155257.648:VERBOSE1:media_stream_manager.cc(1533)] MSPL::OnSpeedLimitChange({this=000059DC0235AD40}, {new_limit=82})
[13096:15684:0521/155259.649:VERBOSE1:media_stream_manager.cc(1533)] MSPL::OnSpeedLimitChange({this=000059DC0235AD40}, {new_limit=100})
[13096:15684:0521/155318.651:VERBOSE1:media_stream_manager.cc(1533)] MSPL::OnSpeedLimitChange({this=000059DC0235AD40}, {new_limit=77})
[13096:15684:0521/155320.650:VERBOSE1:media_stream_manager.cc(1533)] MSPL::OnSpeedLimitChange({this=000059DC0235AD40}, {new_limit=75})
[13096:15684:0521/155321.650:VERBOSE1:media_stream_manager.cc(1533)] MSPL::OnSpeedLimitChange({this=000059DC0235AD40}, {new_limit=74})
[13096:15684:0521/155323.651:VERBOSE1:media_stream_manager.cc(1533)] MSPL::OnSpeedLimitChange({this=000059DC0235AD40}, {new_limit=100})
[14056:17712:0521/155349.989:VERBOSE1:network_delegate.cc(36)] NetworkDelegate::NotifyBeforeURLRequest: https://optimizationguide-pa.googleapis.com/v1:GetModels?key=dummytoken
[14056:17712:0521/155349.993:VERBOSE1:tls_handshaker.cc(105)] TlsClient: Continuing handshake
[14056:17712:0521/155349.994:VERBOSE1:tls_handshaker.cc(126)] TlsClient: SSL_do_handshake returned when entering early data. After retry, rv=-1, SSL_in_early_data=1
[14056:17712:0521/155350.002:VERBOSE1:tls_handshaker.cc(105)] TlsClient: Continuing handshake
[14056:17712:0521/155350.002:VERBOSE1:tls_handshaker.cc(105)] TlsClient: Continuing handshake
[14056:17712:0521/155350.002:VERBOSE1:tls_client_handshaker.cc(528)] Client: handshake finished
[13096:6636:0521/155352.389:VERBOSE1:device_event_log_impl.cc(198)] [15:53:52.388] Display: EVENT: screen_win.cc:893 Displays updated, count: 1
[13096:6636:0521/155352.389:VERBOSE1:device_event_log_impl.cc(198)] [15:53:52.389] Display: EVENT: screen_win.cc:895 Display[2479531247] bounds=[0,0 1707x960], workarea=[0,0 1707x912], scale=1.5, rotation=0, panel_rotation=0 external detected
[13096:15684:0521/155359.473:VERBOSE1:media_stream_manager.cc(1533)] MSPL::OnSpeedLimitChange({this=000059DC0235AD40}, {new_limit=64})
[13096:15684:0521/155400.715:VERBOSE1:media_stream_manager.cc(1533)] MSPL::OnSpeedLimitChange({this=000059DC0235AD40}, {new_limit=65})
[13096:15684:0521/155401.714:VERBOSE1:media_stream_manager.cc(1533)] MSPL::OnSpeedLimitChange({this=000059DC0235AD40}, {new_limit=100})
[13096:6636:0521/155401.761:VERBOSE1:device_event_log_impl.cc(198)] [15:54:01.760] Display: EVENT: screen_win.cc:893 Displays updated, count: 1
[13096:6636:0521/155401.761:VERBOSE1:device_event_log_impl.cc(198)] [15:54:01.760] Display: EVENT: screen_win.cc:895 Display[2479531247] bounds=[0,0 1707x960], workarea=[0,0 1707x912], scale=1.5, rotation=0, panel_rotation=0 external detected
[13096:15684:0521/155428.431:VERBOSE1:media_stream_manager.cc(1533)] MSPL::OnSpeedLimitChange({this=000059DC0235AD40}, {new_limit=70})
[13096:15684:0521/155431.447:VERBOSE1:media_stream_manager.cc(1533)] MSPL::OnSpeedLimitChange({this=000059DC0235AD40}, {new_limit=69})
[13096:15684:0521/155432.446:VERBOSE1:media_stream_manager.cc(1533)] MSPL::OnSpeedLimitChange({this=000059DC0235AD40}, {new_limit=70})
[13096:15684:0521/155434.479:VERBOSE1:media_stream_manager.cc(1533)] MSPL::OnSpeedLimitChange({this=000059DC0235AD40}, {new_limit=71})
[13096:15684:0521/155435.529:VERBOSE1:media_stream_manager.cc(1533)] MSPL::OnSpeedLimitChange({this=000059DC0235AD40}, {new_limit=72})
[13096:15684:0521/155436.440:VERBOSE1:media_stream_manager.cc(1533)] MSPL::OnSpeedLimitChange({this=000059DC0235AD40}, {new_limit=73})
[13096:15684:0521/155437.440:VERBOSE1:media_stream_manager.cc(1533)] MSPL::OnSpeedLimitChange({this=000059DC0235AD40}, {new_limit=74})
[13096:15684:0521/155438.440:VERBOSE1:media_stream_manager.cc(1533)] MSPL::OnSpeedLimitChange({this=000059DC0235AD40}, {new_limit=100})
[13096:15684:0521/155449.443:VERBOSE1:media_stream_manager.cc(1533)] MSPL::OnSpeedLimitChange({this=000059DC0235AD40}, {new_limit=77})
[13096:15684:0521/155451.456:VERBOSE1:media_stream_manager.cc(1533)] MSPL::OnSpeedLimitChange({this=000059DC0235AD40}, {new_limit=76})
[13096:15684:0521/155453.445:VERBOSE1:media_stream_manager.cc(1533)] MSPL::OnSpeedLimitChange({this=000059DC0235AD40}, {new_limit=75})
[13096:15684:0521/155454.453:VERBOSE1:media_stream_manager.cc(1533)] MSPL::OnSpeedLimitChange({this=000059DC0235AD40}, {new_limit=73})
[13096:15684:0521/155455.467:VERBOSE1:media_stream_manager.cc(1533)] MSPL::OnSpeedLimitChange({this=000059DC0235AD40}, {new_limit=75})
[13096:15684:0521/155456.511:VERBOSE1:media_stream_manager.cc(1533)] MSPL::OnSpeedLimitChange({this=000059DC0235AD40}, {new_limit=74})
[13096:15684:0521/155457.476:VERBOSE1:media_stream_manager.cc(1533)] MSPL::OnSpeedLimitChange({this=000059DC0235AD40}, {new_limit=76})
[13096:15684:0521/155458.850:VERBOSE1:media_stream_manager.cc(1533)] MSPL::OnSpeedLimitChange({this=000059DC0235AD40}, {new_limit=74})
[13096:15684:0521/155459.488:VERBOSE1:media_stream_manager.cc(1533)] MSPL::OnSpeedLimitChange({this=000059DC0235AD40}, {new_limit=72})
[13096:15684:0521/155500.475:VERBOSE1:media_stream_manager.cc(1533)] MSPL::OnSpeedLimitChange({this=000059DC0235AD40}, {new_limit=71})
[13096:15684:0521/155501.465:VERBOSE1:media_stream_manager.cc(1533)] MSPL::OnSpeedLimitChange({this=000059DC0235AD40}, {new_limit=70})
[13096:15684:0521/155502.449:VERBOSE1:media_stream_manager.cc(1533)] MSPL::OnSpeedLimitChange({this=000059DC0235AD40}, {new_limit=71})
[13096:15684:0521/155503.449:VERBOSE1:media_stream_manager.cc(1533)] MSPL::OnSpeedLimitChange({this=000059DC0235AD40}, {new_limit=100})
[13096:15684:0521/155513.465:VERBOSE1:media_stream_manager.cc(1533)] MSPL::OnSpeedLimitChange({this=000059DC0235AD40}, {new_limit=70})
[13096:15684:0521/155515.755:VERBOSE1:media_stream_manager.cc(1533)] MSPL::OnSpeedLimitChange({this=000059DC0235AD40}, {new_limit=68})
[13096:15684:0521/155516.483:VERBOSE1:media_stream_manager.cc(1533)] MSPL::OnSpeedLimitChange({this=000059DC0235AD40}, {new_limit=65})
[13096:15684:0521/155517.457:VERBOSE1:media_stream_manager.cc(1533)] MSPL::OnSpeedLimitChange({this=000059DC0235AD40}, {new_limit=63})
[13096:15684:0521/155518.469:VERBOSE1:media_stream_manager.cc(1533)] MSPL::OnSpeedLimitChange({this=000059DC0235AD40}, {new_limit=66})
[13096:15684:0521/155519.461:VERBOSE1:media_stream_manager.cc(1533)] MSPL::OnSpeedLimitChange({this=000059DC0235AD40}, {new_limit=68})
[13096:15684:0521/155520.461:VERBOSE1:media_stream_manager.cc(1533)] MSPL::OnSpeedLimitChange({this=000059DC0235AD40}, {new_limit=66})
[13096:15684:0521/155521.475:VERBOSE1:media_stream_manager.cc(1533)] MSPL::OnSpeedLimitChange({this=000059DC0235AD40}, {new_limit=67})
[13096:15684:0521/155522.465:VERBOSE1:media_stream_manager.cc(1533)] MSPL::OnSpeedLimitChange({this=000059DC0235AD40}, {new_limit=65})
[13096:15684:0521/155523.461:VERBOSE1:media_stream_manager.cc(1533)] MSPL::OnSpeedLimitChange({this=000059DC0235AD40}, {new_limit=67})
[13096:15684:0521/155524.474:VERBOSE1:media_stream_manager.cc(1533)] MSPL::OnSpeedLimitChange({this=000059DC0235AD40}, {new_limit=65})
[13096:15684:0521/155525.764:VERBOSE1:media_stream_manager.cc(1533)] MSPL::OnSpeedLimitChange({this=000059DC0235AD40}, {new_limit=68})
[13096:15684:0521/155526.463:VERBOSE1:media_stream_manager.cc(1533)] MSPL::OnSpeedLimitChange({this=000059DC0235AD40}, {new_limit=71})
[13096:15684:0521/155527.489:VERBOSE1:media_stream_manager.cc(1533)] MSPL::OnSpeedLimitChange({this=000059DC0235AD40}, {new_limit=74})
[13096:15684:0521/155529.476:VERBOSE1:media_stream_manager.cc(1533)] MSPL::OnSpeedLimitChange({this=000059DC0235AD40}, {new_limit=73})
[13096:15684:0521/155531.477:VERBOSE1:media_stream_manager.cc(1533)] MSPL::OnSpeedLimitChange({this=000059DC0235AD40}, {new_limit=75})
[13096:15684:0521/155532.477:VERBOSE1:media_stream_manager.cc(1533)] MSPL::OnSpeedLimitChange({this=000059DC0235AD40}, {new_limit=76})
[13096:15684:0521/155534.484:VERBOSE1:media_stream_manager.cc(1533)] MSPL::OnSpeedLimitChange({this=000059DC0235AD40}, {new_limit=77})
[13096:15684:0521/155537.474:VERBOSE1:media_stream_manager.cc(1533)] MSPL::OnSpeedLimitChange({this=000059DC0235AD40}, {new_limit=100})
[13096:15684:0521/155547.608:VERBOSE1:media_stream_manager.cc(1533)] MSPL::OnSpeedLimitChange({this=000059DC0235AD40}, {new_limit=74})
[13096:15684:0521/155548.504:VERBOSE1:media_stream_manager.cc(1533)] MSPL::OnSpeedLimitChange({this=000059DC0235AD40}, {new_limit=76})
[13096:15684:0521/155549.490:VERBOSE1:media_stream_manager.cc(1533)] MSPL::OnSpeedLimitChange({this=000059DC0235AD40}, {new_limit=100})
[13096:15684:0521/155615.505:VERBOSE1:media_stream_manager.cc(1533)] MSPL::OnSpeedLimitChange({this=000059DC0235AD40}, {new_limit=82})
[13096:15684:0521/155617.505:VERBOSE1:media_stream_manager.cc(1533)] MSPL::OnSpeedLimitChange({this=000059DC0235AD40}, {new_limit=100})
[13096:15684:0521/155634.535:VERBOSE1:media_stream_manager.cc(1533)] MSPL::OnSpeedLimitChange({this=000059DC0235AD40}, {new_limit=72})
[13096:15684:0521/155635.515:VERBOSE1:media_stream_manager.cc(1533)] MSPL::OnSpeedLimitChange({this=000059DC0235AD40}, {new_limit=70})
[13096:15684:0521/155636.534:VERBOSE1:media_stream_manager.cc(1533)] MSPL::OnSpeedLimitChange({this=000059DC0235AD40}, {new_limit=68})
[13096:15684:0521/155637.541:VERBOSE1:media_stream_manager.cc(1533)] MSPL::OnSpeedLimitChange({this=000059DC0235AD40}, {new_limit=65})
[13096:15684:0521/155639.531:VERBOSE1:media_stream_manager.cc(1533)] MSPL::OnSpeedLimitChange({this=000059DC0235AD40}, {new_limit=63})
[14056:17712:0521/155640.830:VERBOSE1:network_delegate.cc(36)] NetworkDelegate::NotifyBeforeURLRequest: https://optimizationguide-pa.googleapis.com/v1:GetModels?key=dummytoken
[14056:17712:0521/155640.835:VERBOSE1:tls_handshaker.cc(105)] TlsClient: Continuing handshake
[14056:17712:0521/155640.837:VERBOSE1:tls_handshaker.cc(126)] TlsClient: SSL_do_handshake returned when entering early data. After retry, rv=-1, SSL_in_early_data=1
[14056:17712:0521/155640.845:VERBOSE1:tls_handshaker.cc(105)] TlsClient: Continuing handshake
[14056:17712:0521/155640.845:VERBOSE1:tls_handshaker.cc(105)] TlsClient: Continuing handshake
[14056:17712:0521/155640.845:VERBOSE1:tls_client_handshaker.cc(528)] Client: handshake finished
[13096:15684:0521/155643.539:VERBOSE1:media_stream_manager.cc(1533)] MSPL::OnSpeedLimitChange({this=000059DC0235AD40}, {new_limit=64})
[13096:15684:0521/155644.527:VERBOSE1:media_stream_manager.cc(1533)] MSPL::OnSpeedLimitChange({this=000059DC0235AD40}, {new_limit=65})
[13096:15684:0521/155645.553:VERBOSE1:media_stream_manager.cc(1533)] MSPL::OnSpeedLimitChange({this=000059DC0235AD40}, {new_limit=63})
[13096:15684:0521/155646.527:VERBOSE1:media_stream_manager.cc(1533)] MSPL::OnSpeedLimitChange({this=000059DC0235AD40}, {new_limit=64})
[13096:15684:0521/155647.546:VERBOSE1:media_stream_manager.cc(1533)] MSPL::OnSpeedLimitChange({this=000059DC0235AD40}, {new_limit=65})
[13096:15684:0521/155648.525:VERBOSE1:media_stream_manager.cc(1533)] MSPL::OnSpeedLimitChange({this=000059DC0235AD40}, {new_limit=66})
[13096:15684:0521/155649.538:VERBOSE1:media_stream_manager.cc(1533)] MSPL::OnSpeedLimitChange({this=000059DC0235AD40}, {new_limit=68})
[13096:15684:0521/155650.552:VERBOSE1:media_stream_manager.cc(1533)] MSPL::OnSpeedLimitChange({this=000059DC0235AD40}, {new_limit=66})
[13096:15684:0521/155652.544:VERBOSE1:media_stream_manager.cc(1533)] MSPL::OnSpeedLimitChange({this=000059DC0235AD40}, {new_limit=65})
[13096:15684:0521/155653.561:VERBOSE1:media_stream_manager.cc(1533)] MSPL::OnSpeedLimitChange({this=000059DC0235AD40}, {new_limit=66})
[13096:15684:0521/155654.535:VERBOSE1:media_stream_manager.cc(1533)] MSPL::OnSpeedLimitChange({this=000059DC0235AD40}, {new_limit=67})
[13096:15684:0521/155655.553:VERBOSE1:media_stream_manager.cc(1533)] MSPL::OnSpeedLimitChange({this=000059DC0235AD40}, {new_limit=71})
[13096:15684:0521/155657.561:VERBOSE1:media_stream_manager.cc(1533)] MSPL::OnSpeedLimitChange({this=000059DC0235AD40}, {new_limit=100})
[13096:15684:0521/155707.559:VERBOSE1:media_stream_manager.cc(1533)] MSPL::OnSpeedLimitChange({this=000059DC0235AD40}, {new_limit=73})
[13096:15684:0521/155708.554:VERBOSE1:media_stream_manager.cc(1533)] MSPL::OnSpeedLimitChange({this=000059DC0235AD40}, {new_limit=72})
[13096:15684:0521/155709.557:VERBOSE1:media_stream_manager.cc(1533)] MSPL::OnSpeedLimitChange({this=000059DC0235AD40}, {new_limit=100})
[13096:15684:0521/155719.550:VERBOSE1:media_stream_manager.cc(1533)] MSPL::OnSpeedLimitChange({this=000059DC0235AD40}, {new_limit=76})
[13096:15684:0521/155720.553:VERBOSE1:media_stream_manager.cc(1533)] MSPL::OnSpeedLimitChange({this=000059DC0235AD40}, {new_limit=77})
[13096:15684:0521/155727.555:VERBOSE1:media_stream_manager.cc(1533)] MSPL::OnSpeedLimitChange({this=000059DC0235AD40}, {new_limit=78})
[13096:15684:0521/155731.579:VERBOSE1:media_stream_manager.cc(1533)] MSPL::OnSpeedLimitChange({this=000059DC0235AD40}, {new_limit=79})
[13096:15684:0521/155732.590:VERBOSE1:media_stream_manager.cc(1533)] MSPL::OnSpeedLimitChange({this=000059DC0235AD40}, {new_limit=75})
[13096:15684:0521/155733.572:VERBOSE1:media_stream_manager.cc(1533)] MSPL::OnSpeedLimitChange({this=000059DC0235AD40}, {new_limit=74})
[13096:15684:0521/155734.562:VERBOSE1:media_stream_manager.cc(1533)] MSPL::OnSpeedLimitChange({this=000059DC0235AD40}, {new_limit=73})
[13096:15684:0521/155735.554:VERBOSE1:media_stream_manager.cc(1533)] MSPL::OnSpeedLimitChange({this=000059DC0235AD40}, {new_limit=74})
[13096:15684:0521/155736.579:VERBOSE1:media_stream_manager.cc(1533)] MSPL::OnSpeedLimitChange({this=000059DC0235AD40}, {new_limit=75})
[13096:15684:0521/155738.582:VERBOSE1:media_stream_manager.cc(1533)] MSPL::OnSpeedLimitChange({this=000059DC0235AD40}, {new_limit=72})
[13096:15684:0521/155739.577:VERBOSE1:media_stream_manager.cc(1533)] MSPL::OnSpeedLimitChange({this=000059DC0235AD40}, {new_limit=69})
[13096:15684:0521/155740.588:VERBOSE1:media_stream_manager.cc(1533)] MSPL::OnSpeedLimitChange({this=000059DC0235AD40}, {new_limit=67})
[13096:15684:0521/155741.567:VERBOSE1:media_stream_manager.cc(1533)] MSPL::OnSpeedLimitChange({this=000059DC0235AD40}, {new_limit=64})
[13096:15684:0521/155742.562:VERBOSE1:media_stream_manager.cc(1533)] MSPL::OnSpeedLimitChange({this=000059DC0235AD40}, {new_limit=68})
[13096:15684:0521/155743.568:VERBOSE1:media_stream_manager.cc(1533)] MSPL::OnSpeedLimitChange({this=000059DC0235AD40}, {new_limit=66})
[13096:15684:0521/155744.569:VERBOSE1:media_stream_manager.cc(1533)] MSPL::OnSpeedLimitChange({this=000059DC0235AD40}, {new_limit=67})
[13096:15684:0521/155745.588:VERBOSE1:media_stream_manager.cc(1533)] MSPL::OnSpeedLimitChange({this=000059DC0235AD40}, {new_limit=66})
[13096:15684:0521/155746.596:VERBOSE1:media_stream_manager.cc(1533)] MSPL::OnSpeedLimitChange({this=000059DC0235AD40}, {new_limit=67})
[13096:15684:0521/155747.576:VERBOSE1:media_stream_manager.cc(1533)] MSPL::OnSpeedLimitChange({this=000059DC0235AD40}, {new_limit=66})
[13096:15684:0521/155748.584:VERBOSE1:media_stream_manager.cc(1533)] MSPL::OnSpeedLimitChange({this=000059DC0235AD40}, {new_limit=68})
[13096:15684:0521/155749.599:VERBOSE1:media_stream_manager.cc(1533)] MSPL::OnSpeedLimitChange({this=000059DC0235AD40}, {new_limit=71})
[13096:15684:0521/155750.569:VERBOSE1:media_stream_manager.cc(1533)] MSPL::OnSpeedLimitChange({this=000059DC0235AD40}, {new_limit=69})
[13096:15684:0521/155751.571:VERBOSE1:media_stream_manager.cc(1533)] MSPL::OnSpeedLimitChange({this=000059DC0235AD40}, {new_limit=71})
[13096:15684:0521/155752.577:VERBOSE1:media_stream_manager.cc(1533)] MSPL::OnSpeedLimitChange({this=000059DC0235AD40}, {new_limit=70})
[13096:15684:0521/155753.590:VERBOSE1:media_stream_manager.cc(1533)] MSPL::OnSpeedLimitChange({this=000059DC0235AD40}, {new_limit=72})
[13096:15684:0521/155754.569:VERBOSE1:media_stream_manager.cc(1533)] MSPL::OnSpeedLimitChange({this=000059DC0235AD40}, {new_limit=71})
[13096:15684:0521/155755.592:VERBOSE1:media_stream_manager.cc(1533)] MSPL::OnSpeedLimitChange({this=000059DC0235AD40}, {new_limit=72})
[13096:15684:0521/155757.597:VERBOSE1:media_stream_manager.cc(1533)] MSPL::OnSpeedLimitChange({this=000059DC0235AD40}, {new_limit=73})
[13096:15684:0521/155758.584:VERBOSE1:media_stream_manager.cc(1533)] MSPL::OnSpeedLimitChange({this=000059DC0235AD40}, {new_limit=72})
[13096:15684:0521/155759.594:VERBOSE1:media_stream_manager.cc(1533)] MSPL::OnSpeedLimitChange({this=000059DC0235AD40}, {new_limit=71})
[13096:15684:0521/155800.600:VERBOSE1:media_stream_manager.cc(1533)] MSPL::OnSpeedLimitChange({this=000059DC0235AD40}, {new_limit=73})
[13096:15684:0521/155801.596:VERBOSE1:media_stream_manager.cc(1533)] MSPL::OnSpeedLimitChange({this=000059DC0235AD40}, {new_limit=74})
[13096:15684:0521/155802.610:VERBOSE1:media_stream_manager.cc(1533)] MSPL::OnSpeedLimitChange({this=000059DC0235AD40}, {new_limit=75})
[13096:15684:0521/155803.611:VERBOSE1:media_stream_manager.cc(1533)] MSPL::OnSpeedLimitChange({this=000059DC0235AD40}, {new_limit=74})
[13096:15684:0521/155804.600:VERBOSE1:media_stream_manager.cc(1533)] MSPL::OnSpeedLimitChange({this=000059DC0235AD40}, {new_limit=72})
[13096:15684:0521/155805.609:VERBOSE1:media_stream_manager.cc(1533)] MSPL::OnSpeedLimitChange({this=000059DC0235AD40}, {new_limit=73})
[13096:15684:0521/155806.588:VERBOSE1:media_stream_manager.cc(1533)] MSPL::OnSpeedLimitChange({this=000059DC0235AD40}, {new_limit=72})
[13096:15684:0521/155807.582:VERBOSE1:media_stream_manager.cc(1533)] MSPL::OnSpeedLimitChange({this=000059DC0235AD40}, {new_limit=73})
[13096:15684:0521/155808.590:VERBOSE1:media_stream_manager.cc(1533)] MSPL::OnSpeedLimitChange({this=000059DC0235AD40}, {new_limit=72})
[13096:15684:0521/155809.583:VERBOSE1:media_stream_manager.cc(1533)] MSPL::OnSpeedLimitChange({this=000059DC0235AD40}, {new_limit=71})
[13096:15684:0521/155810.590:VERBOSE1:media_stream_manager.cc(1533)] MSPL::OnSpeedLimitChange({this=000059DC0235AD40}, {new_limit=69})
[13096:15684:0521/155813.594:VERBOSE1:media_stream_manager.cc(1533)] MSPL::OnSpeedLimitChange({this=000059DC0235AD40}, {new_limit=68})
[13096:15684:0521/155814.597:VERBOSE1:media_stream_manager.cc(1533)] MSPL::OnSpeedLimitChange({this=000059DC0235AD40}, {new_limit=70})
[13096:15684:0521/155815.613:VERBOSE1:media_stream_manager.cc(1533)] MSPL::OnSpeedLimitChange({this=000059DC0235AD40}, {new_limit=69})
[13096:15684:0521/155817.930:VERBOSE1:media_stream_manager.cc(1533)] MSPL::OnSpeedLimitChange({this=000059DC0235AD40}, {new_limit=71})
[13096:15684:0521/155817.930:VERBOSE1:media_stream_manager.cc(1533)] MSPL::OnSpeedLimitChange({this=000059DC0235AD40}, {new_limit=73})
[13096:15684:0521/155818.592:VERBOSE1:media_stream_manager.cc(1533)] MSPL::OnSpeedLimitChange({this=000059DC0235AD40}, {new_limit=74})
[13096:15684:0521/155819.592:VERBOSE1:media_stream_manager.cc(1533)] MSPL::OnSpeedLimitChange({this=000059DC0235AD40}, {new_limit=75})
[13096:15684:0521/155820.589:VERBOSE1:media_stream_manager.cc(1533)] MSPL::OnSpeedLimitChange({this=000059DC0235AD40}, {new_limit=76})
[13096:15684:0521/155822.612:VERBOSE1:media_stream_manager.cc(1533)] MSPL::OnSpeedLimitChange({this=000059DC0235AD40}, {new_limit=77})
[13096:15684:0521/155823.586:VERBOSE1:media_stream_manager.cc(1533)] MSPL::OnSpeedLimitChange({this=000059DC0235AD40}, {new_limit=79})
[13096:15684:0521/155825.594:VERBOSE1:media_stream_manager.cc(1533)] MSPL::OnSpeedLimitChange({this=000059DC0235AD40}, {new_limit=78})
[13096:15684:0521/155826.604:VERBOSE1:media_stream_manager.cc(1533)] MSPL::OnSpeedLimitChange({this=000059DC0235AD40}, {new_limit=76})
[13096:15684:0521/155827.592:VERBOSE1:media_stream_manager.cc(1533)] MSPL::OnSpeedLimitChange({this=000059DC0235AD40}, {new_limit=73})
[13096:15684:0521/155830.617:VERBOSE1:media_stream_manager.cc(1533)] MSPL::OnSpeedLimitChange({this=000059DC0235AD40}, {new_limit=74})
[13096:15684:0521/155831.613:VERBOSE1:media_stream_manager.cc(1533)] MSPL::OnSpeedLimitChange({this=000059DC0235AD40}, {new_limit=72})
[13096:15684:0521/155832.675:VERBOSE1:media_stream_manager.cc(1533)] MSPL::OnSpeedLimitChange({this=000059DC0235AD40}, {new_limit=70})
[13096:15684:0521/155833.607:VERBOSE1:media_stream_manager.cc(1533)] MSPL::OnSpeedLimitChange({this=000059DC0235AD40}, {new_limit=67})
[13096:15684:0521/155834.607:VERBOSE1:media_stream_manager.cc(1533)] MSPL::OnSpeedLimitChange({this=000059DC0235AD40}, {new_limit=63})
[13096:15684:0521/155836.635:VERBOSE1:media_stream_manager.cc(1533)] MSPL::OnSpeedLimitChange({this=000059DC0235AD40}, {new_limit=60})
[13096:15684:0521/155837.605:VERBOSE1:media_stream_manager.cc(1533)] MSPL::OnSpeedLimitChange({this=000059DC0235AD40}, {new_limit=61})
[13096:15684:0521/155838.604:VERBOSE1:media_stream_manager.cc(1533)] MSPL::OnSpeedLimitChange({this=000059DC0235AD40}, {new_limit=60})
[13096:15684:0521/155840.607:VERBOSE1:media_stream_manager.cc(1533)] MSPL::OnSpeedLimitChange({this=000059DC0235AD40}, {new_limit=61})
[13096:15684:0521/155841.622:VERBOSE1:media_stream_manager.cc(1533)] MSPL::OnSpeedLimitChange({this=000059DC0235AD40}, {new_limit=63})
[13096:15684:0521/155842.599:VERBOSE1:media_stream_manager.cc(1533)] MSPL::OnSpeedLimitChange({this=000059DC0235AD40}, {new_limit=61})
[13096:15684:0521/155843.638:VERBOSE1:media_stream_manager.cc(1533)] MSPL::OnSpeedLimitChange({this=000059DC0235AD40}, {new_limit=62})
[13096:15684:0521/155844.640:VERBOSE1:media_stream_manager.cc(1533)] MSPL::OnSpeedLimitChange({this=000059DC0235AD40}, {new_limit=65})
[13096:15684:0521/155845.625:VERBOSE1:media_stream_manager.cc(1533)] MSPL::OnSpeedLimitChange({this=000059DC0235AD40}, {new_limit=63})
[13096:15684:0521/155846.611:VERBOSE1:media_stream_manager.cc(1533)] MSPL::OnSpeedLimitChange({this=000059DC0235AD40}, {new_limit=64})
[13096:15684:0521/155847.608:VERBOSE1:media_stream_manager.cc(1533)] MSPL::OnSpeedLimitChange({this=000059DC0235AD40}, {new_limit=66})
[13096:15684:0521/155848.621:VERBOSE1:media_stream_manager.cc(1533)] MSPL::OnSpeedLimitChange({this=000059DC0235AD40}, {new_limit=64})
[13096:15684:0521/155850.641:VERBOSE1:media_stream_manager.cc(1533)] MSPL::OnSpeedLimitChange({this=000059DC0235AD40}, {new_limit=63})
[13096:15684:0521/155851.629:VERBOSE1:media_stream_manager.cc(1533)] MSPL::OnSpeedLimitChange({this=000059DC0235AD40}, {new_limit=61})
[13096:15684:0521/155852.612:VERBOSE1:media_stream_manager.cc(1533)] MSPL::OnSpeedLimitChange({this=000059DC0235AD40}, {new_limit=62})
[13096:15684:0521/155854.637:VERBOSE1:media_stream_manager.cc(1533)] MSPL::OnSpeedLimitChange({this=000059DC0235AD40}, {new_limit=63})
[13096:15684:0521/155855.628:VERBOSE1:media_stream_manager.cc(1533)] MSPL::OnSpeedLimitChange({this=000059DC0235AD40}, {new_limit=66})
[13096:15684:0521/155856.630:VERBOSE1:media_stream_manager.cc(1533)] MSPL::OnSpeedLimitChange({this=000059DC0235AD40}, {new_limit=65})
[13096:15684:0521/155857.643:VERBOSE1:media_stream_manager.cc(1533)] MSPL::OnSpeedLimitChange({this=000059DC0235AD40}, {new_limit=63})
[13096:15684:0521/155859.627:VERBOSE1:media_stream_manager.cc(1533)] MSPL::OnSpeedLimitChange({this=000059DC0235AD40}, {new_limit=60})
[13096:15684:0521/155900.721:VERBOSE1:media_stream_manager.cc(1533)] MSPL::OnSpeedLimitChange({this=000059DC0235AD40}, {new_limit=61})
[13096:15684:0521/155901.721:VERBOSE1:media_stream_manager.cc(1533)] MSPL::OnSpeedLimitChange({this=000059DC0235AD40}, {new_limit=62})
[13096:15684:0521/155903.728:VERBOSE1:media_stream_manager.cc(1533)] MSPL::OnSpeedLimitChange({this=000059DC0235AD40}, {new_limit=60})
[13096:15684:0521/155904.722:VERBOSE1:media_stream_manager.cc(1533)] MSPL::OnSpeedLimitChange({this=000059DC0235AD40}, {new_limit=59})
[13096:15684:0521/155905.719:VERBOSE1:media_stream_manager.cc(1533)] MSPL::OnSpeedLimitChange({this=000059DC0235AD40}, {new_limit=60})
[13096:15684:0521/155906.720:VERBOSE1:media_stream_manager.cc(1533)] MSPL::OnSpeedLimitChange({this=000059DC0235AD40}, {new_limit=64})
[13096:15684:0521/155907.720:VERBOSE1:media_stream_manager.cc(1533)] MSPL::OnSpeedLimitChange({this=000059DC0235AD40}, {new_limit=66})
[13096:15684:0521/155908.720:VERBOSE1:media_stream_manager.cc(1533)] MSPL::OnSpeedLimitChange({this=000059DC0235AD40}, {new_limit=69})
[13096:15684:0521/155909.719:VERBOSE1:media_stream_manager.cc(1533)] MSPL::OnSpeedLimitChange({this=000059DC0235AD40}, {new_limit=74})
[13096:15684:0521/155911.721:VERBOSE1:media_stream_manager.cc(1533)] MSPL::OnSpeedLimitChange({this=000059DC0235AD40}, {new_limit=75})
[13096:15684:0521/155912.721:VERBOSE1:media_stream_manager.cc(1533)] MSPL::OnSpeedLimitChange({this=000059DC0235AD40}, {new_limit=74})
[13096:15684:0521/155913.720:VERBOSE1:media_stream_manager.cc(1533)] MSPL::OnSpeedLimitChange({this=000059DC0235AD40}, {new_limit=100})
[14056:17712:0521/155914.054:VERBOSE1:network_delegate.cc(36)] NetworkDelegate::NotifyBeforeURLRequest: https://optimizationguide-pa.googleapis.com/v1:GetModels?key=dummytoken
[14056:17712:0521/155914.059:VERBOSE1:tls_handshaker.cc(105)] TlsClient: Continuing handshake
[14056:17712:0521/155914.060:VERBOSE1:tls_handshaker.cc(126)] TlsClient: SSL_do_handshake returned when entering early data. After retry, rv=-1, SSL_in_early_data=1
[14056:17712:0521/155914.067:VERBOSE1:tls_handshaker.cc(105)] TlsClient: Continuing handshake
[14056:17712:0521/155914.067:VERBOSE1:tls_handshaker.cc(105)] TlsClient: Continuing handshake
[14056:17712:0521/155914.067:VERBOSE1:tls_client_handshaker.cc(528)] Client: handshake finished
[13096:6636:0521/160018.283:VERBOSE1:device_event_log_impl.cc(198)] [16:00:18.283] Display: EVENT: screen_win.cc:893 Displays updated, count: 1
[13096:6636:0521/160018.283:VERBOSE1:device_event_log_impl.cc(198)] [16:00:18.283] Display: EVENT: screen_win.cc:895 Display[2479531247] bounds=[0,0 1707x960], workarea=[0,0 1707x912], scale=1.5, rotation=0, panel_rotation=0 external detected
[13096:15684:0521/160028.682:VERBOSE1:media_stream_manager.cc(1533)] MSPL::OnSpeedLimitChange({this=000059DC0235AD40}, {new_limit=70})
[13096:15684:0521/160030.692:VERBOSE1:media_stream_manager.cc(1533)] MSPL::OnSpeedLimitChange({this=000059DC0235AD40}, {new_limit=72})
[13096:15684:0521/160031.705:VERBOSE1:media_stream_manager.cc(1533)] MSPL::OnSpeedLimitChange({this=000059DC0235AD40}, {new_limit=74})
[13096:15684:0521/160032.705:VERBOSE1:media_stream_manager.cc(1533)] MSPL::OnSpeedLimitChange({this=000059DC0235AD40}, {new_limit=73})
[13096:15684:0521/160037.695:VERBOSE1:media_stream_manager.cc(1533)] MSPL::OnSpeedLimitChange({this=000059DC0235AD40}, {new_limit=72})
[13096:15684:0521/160038.681:VERBOSE1:media_stream_manager.cc(1533)] MSPL::OnSpeedLimitChange({this=000059DC0235AD40}, {new_limit=70})
[13096:15684:0521/160039.703:VERBOSE1:media_stream_manager.cc(1533)] MSPL::OnSpeedLimitChange({this=000059DC0235AD40}, {new_limit=73})
[13096:15684:0521/160040.691:VERBOSE1:media_stream_manager.cc(1533)] MSPL::OnSpeedLimitChange({this=000059DC0235AD40}, {new_limit=71})
[13096:15684:0521/160042.693:VERBOSE1:media_stream_manager.cc(1533)] MSPL::OnSpeedLimitChange({this=000059DC0235AD40}, {new_limit=70})
[13096:15684:0521/160044.695:VERBOSE1:media_stream_manager.cc(1533)] MSPL::OnSpeedLimitChange({this=000059DC0235AD40}, {new_limit=67})
[13096:15684:0521/160045.927:VERBOSE1:media_stream_manager.cc(1533)] MSPL::OnSpeedLimitChange({this=000059DC0235AD40}, {new_limit=68})
[13096:15684:0521/160046.926:VERBOSE1:media_stream_manager.cc(1533)] MSPL::OnSpeedLimitChange({this=000059DC0235AD40}, {new_limit=100})
[13096:6636:0521/160100.359:VERBOSE1:device_event_log_impl.cc(198)] [16:01:00.359] Display: EVENT: screen_win.cc:893 Displays updated, count: 1
[13096:6636:0521/160100.360:VERBOSE1:device_event_log_impl.cc(198)] [16:01:00.360] Display: EVENT: screen_win.cc:895 Display[2479531247] bounds=[0,0 1707x960], workarea=[0,0 1707x912], scale=1.5, rotation=0, panel_rotation=0 external detected
[13096:15684:0521/160109.716:VERBOSE1:media_stream_manager.cc(1533)] MSPL::OnSpeedLimitChange({this=000059DC0235AD40}, {new_limit=69})
[13096:15684:0521/160112.036:VERBOSE1:media_stream_manager.cc(1533)] MSPL::OnSpeedLimitChange({this=000059DC0235AD40}, {new_limit=72})
[13096:15684:0521/160112.720:VERBOSE1:media_stream_manager.cc(1533)] MSPL::OnSpeedLimitChange({this=000059DC0235AD40}, {new_limit=71})
[13096:15684:0521/160113.719:VERBOSE1:media_stream_manager.cc(1533)] MSPL::OnSpeedLimitChange({this=000059DC0235AD40}, {new_limit=69})
[13096:15684:0521/160114.707:VERBOSE1:media_stream_manager.cc(1533)] MSPL::OnSpeedLimitChange({this=000059DC0235AD40}, {new_limit=71})
[13096:15684:0521/160116.174:VERBOSE1:media_stream_manager.cc(1533)] MSPL::OnSpeedLimitChange({this=000059DC0235AD40}, {new_limit=72})
[13096:15684:0521/160117.079:VERBOSE1:media_stream_manager.cc(1533)] MSPL::OnSpeedLimitChange({this=000059DC0235AD40}, {new_limit=70})
[13096:15684:0521/160117.705:VERBOSE1:media_stream_manager.cc(1533)] MSPL::OnSpeedLimitChange({this=000059DC0235AD40}, {new_limit=69})
[13096:15684:0521/160118.942:VERBOSE1:media_stream_manager.cc(1533)] MSPL::OnSpeedLimitChange({this=000059DC0235AD40}, {new_limit=100})
[13096:15684:0521/160128.727:VERBOSE1:media_stream_manager.cc(1533)] MSPL::OnSpeedLimitChange({this=000059DC0235AD40}, {new_limit=65})
[13096:15684:0521/160129.735:VERBOSE1:media_stream_manager.cc(1533)] MSPL::OnSpeedLimitChange({this=000059DC0235AD40}, {new_limit=68})
[13096:15684:0521/160131.718:VERBOSE1:media_stream_manager.cc(1533)] MSPL::OnSpeedLimitChange({this=000059DC0235AD40}, {new_limit=69})
[13096:15684:0521/160132.717:VERBOSE1:media_stream_manager.cc(1533)] MSPL::OnSpeedLimitChange({this=000059DC0235AD40}, {new_limit=68})
[13096:15684:0521/160133.720:VERBOSE1:media_stream_manager.cc(1533)] MSPL::OnSpeedLimitChange({this=000059DC0235AD40}, {new_limit=69})
[13096:15684:0521/160135.048:VERBOSE1:media_stream_manager.cc(1533)] MSPL::OnSpeedLimitChange({this=000059DC0235AD40}, {new_limit=65})
[13096:15684:0521/160135.738:VERBOSE1:media_stream_manager.cc(1533)] MSPL::OnSpeedLimitChange({this=000059DC0235AD40}, {new_limit=64})
[13096:15684:0521/160136.734:VERBOSE1:media_stream_manager.cc(1533)] MSPL::OnSpeedLimitChange({this=000059DC0235AD40}, {new_limit=60})
[13096:15684:0521/160138.038:VERBOSE1:media_stream_manager.cc(1533)] MSPL::OnSpeedLimitChange({this=000059DC0235AD40}, {new_limit=61})
[13096:15684:0521/160139.038:VERBOSE1:media_stream_manager.cc(1533)] MSPL::OnSpeedLimitChange({this=000059DC0235AD40}, {new_limit=63})
[13096:15684:0521/160140.038:VERBOSE1:media_stream_manager.cc(1533)] MSPL::OnSpeedLimitChange({this=000059DC0235AD40}, {new_limit=65})
[13096:15684:0521/160141.038:VERBOSE1:media_stream_manager.cc(1533)] MSPL::OnSpeedLimitChange({this=000059DC0235AD40}, {new_limit=100})
[13096:6636:0521/160149.240:VERBOSE1:device_event_log_impl.cc(198)] [16:01:49.240] Display: EVENT: screen_win.cc:893 Displays updated, count: 1
[13096:6636:0521/160149.240:VERBOSE1:device_event_log_impl.cc(198)] [16:01:49.240] Display: EVENT: screen_win.cc:895 Display[2479531247] bounds=[0,0 1707x960], workarea=[0,0 1707x912], scale=1.5, rotation=0, panel_rotation=0 external detected
[13096:15684:0521/160150.734:VERBOSE1:media_stream_manager.cc(1533)] MSPL::OnSpeedLimitChange({this=000059DC0235AD40}, {new_limit=65})
[14056:17712:0521/160151.639:VERBOSE1:network_delegate.cc(36)] NetworkDelegate::NotifyBeforeURLRequest: https://optimizationguide-pa.googleapis.com/v1:GetModels?key=dummytoken
[14056:17712:0521/160151.649:VERBOSE1:tls_handshaker.cc(105)] TlsClient: Continuing handshake
[14056:17712:0521/160151.650:VERBOSE1:tls_handshaker.cc(126)] TlsClient: SSL_do_handshake returned when entering early data. After retry, rv=-1, SSL_in_early_data=1
[14056:17712:0521/160151.659:VERBOSE1:tls_handshaker.cc(105)] TlsClient: Continuing handshake
[14056:17712:0521/160151.660:VERBOSE1:tls_handshaker.cc(105)] TlsClient: Continuing handshake
[14056:17712:0521/160151.660:VERBOSE1:tls_client_handshaker.cc(528)] Client: handshake finished
[13096:15684:0521/160151.734:VERBOSE1:media_stream_manager.cc(1533)] MSPL::OnSpeedLimitChange({this=000059DC0235AD40}, {new_limit=62})
[13096:15684:0521/160152.739:VERBOSE1:media_stream_manager.cc(1533)] MSPL::OnSpeedLimitChange({this=000059DC0235AD40}, {new_limit=61})
[13096:15684:0521/160153.735:VERBOSE1:media_stream_manager.cc(1533)] MSPL::OnSpeedLimitChange({this=000059DC0235AD40}, {new_limit=60})
[13096:15684:0521/160154.733:VERBOSE1:media_stream_manager.cc(1533)] MSPL::OnSpeedLimitChange({this=000059DC0235AD40}, {new_limit=59})
[13096:15684:0521/160156.731:VERBOSE1:media_stream_manager.cc(1533)] MSPL::OnSpeedLimitChange({this=000059DC0235AD40}, {new_limit=58})
[13096:15684:0521/160157.735:VERBOSE1:media_stream_manager.cc(1533)] MSPL::OnSpeedLimitChange({this=000059DC0235AD40}, {new_limit=55})
[13096:15684:0521/160200.746:VERBOSE1:media_stream_manager.cc(1533)] MSPL::OnSpeedLimitChange({this=000059DC0235AD40}, {new_limit=56})
[13096:15684:0521/160201.736:VERBOSE1:media_stream_manager.cc(1533)] MSPL::OnSpeedLimitChange({this=000059DC0235AD40}, {new_limit=58})
[13096:15684:0521/160203.351:VERBOSE1:media_stream_manager.cc(1533)] MSPL::OnSpeedLimitChange({this=000059DC0235AD40}, {new_limit=60})
[13096:15684:0521/160203.746:VERBOSE1:media_stream_manager.cc(1533)] MSPL::OnSpeedLimitChange({this=000059DC0235AD40}, {new_limit=61})
[13096:15684:0521/160204.754:VERBOSE1:media_stream_manager.cc(1533)] MSPL::OnSpeedLimitChange({this=000059DC0235AD40}, {new_limit=63})
[13096:15684:0521/160207.756:VERBOSE1:media_stream_manager.cc(1533)] MSPL::OnSpeedLimitChange({this=000059DC0235AD40}, {new_limit=64})
[13096:15684:0521/160208.772:VERBOSE1:media_stream_manager.cc(1533)] MSPL::OnSpeedLimitChange({this=000059DC0235AD40}, {new_limit=65})
[13096:15684:0521/160209.760:VERBOSE1:media_stream_manager.cc(1533)] MSPL::OnSpeedLimitChange({this=000059DC0235AD40}, {new_limit=66})
[13096:15684:0521/160210.757:VERBOSE1:media_stream_manager.cc(1533)] MSPL::OnSpeedLimitChange({this=000059DC0235AD40}, {new_limit=67})
[13096:15684:0521/160211.778:VERBOSE1:media_stream_manager.cc(1533)] MSPL::OnSpeedLimitChange({this=000059DC0235AD40}, {new_limit=68})
[13096:15684:0521/160212.763:VERBOSE1:media_stream_manager.cc(1533)] MSPL::OnSpeedLimitChange({this=000059DC0235AD40}, {new_limit=67})
[13096:15684:0521/160213.743:VERBOSE1:media_stream_manager.cc(1533)] MSPL::OnSpeedLimitChange({this=000059DC0235AD40}, {new_limit=69})
[13096:15684:0521/160214.767:VERBOSE1:media_stream_manager.cc(1533)] MSPL::OnSpeedLimitChange({this=000059DC0235AD40}, {new_limit=66})
[13096:15684:0521/160215.778:VERBOSE1:media_stream_manager.cc(1533)] MSPL::OnSpeedLimitChange({this=000059DC0235AD40}, {new_limit=67})
[13096:15684:0521/160217.765:VERBOSE1:media_stream_manager.cc(1533)] MSPL::OnSpeedLimitChange({this=000059DC0235AD40}, {new_limit=66})
[13096:15684:0521/160219.780:VERBOSE1:media_stream_manager.cc(1533)] MSPL::OnSpeedLimitChange({this=000059DC0235AD40}, {new_limit=69})
[13096:15684:0521/160220.753:VERBOSE1:media_stream_manager.cc(1533)] MSPL::OnSpeedLimitChange({this=000059DC0235AD40}, {new_limit=70})
[13096:15684:0521/160221.778:VERBOSE1:media_stream_manager.cc(1533)] MSPL::OnSpeedLimitChange({this=000059DC0235AD40}, {new_limit=71})
[13096:15684:0521/160222.772:VERBOSE1:media_stream_manager.cc(1533)] MSPL::OnSpeedLimitChange({this=000059DC0235AD40}, {new_limit=73})
[13096:15684:0521/160223.783:VERBOSE1:media_stream_manager.cc(1533)] MSPL::OnSpeedLimitChange({this=000059DC0235AD40}, {new_limit=100})
[13096:15684:0521/160233.766:VERBOSE1:media_stream_manager.cc(1533)] MSPL::OnSpeedLimitChange({this=000059DC0235AD40}, {new_limit=72})
[13096:15684:0521/160234.795:VERBOSE1:media_stream_manager.cc(1533)] MSPL::OnSpeedLimitChange({this=000059DC0235AD40}, {new_limit=74})
[13096:15684:0521/160236.771:VERBOSE1:media_stream_manager.cc(1533)] MSPL::OnSpeedLimitChange({this=000059DC0235AD40}, {new_limit=76})
[13096:15684:0521/160240.776:VERBOSE1:media_stream_manager.cc(1533)] MSPL::OnSpeedLimitChange({this=000059DC0235AD40}, {new_limit=75})
[13096:15684:0521/160241.799:VERBOSE1:media_stream_manager.cc(1533)] MSPL::OnSpeedLimitChange({this=000059DC0235AD40}, {new_limit=76})
[13096:15684:0521/160242.773:VERBOSE1:media_stream_manager.cc(1533)] MSPL::OnSpeedLimitChange({this=000059DC0235AD40}, {new_limit=77})
[13096:15684:0521/160244.803:VERBOSE1:media_stream_manager.cc(1533)] MSPL::OnSpeedLimitChange({this=000059DC0235AD40}, {new_limit=75})
[13096:15684:0521/160246.806:VERBOSE1:media_stream_manager.cc(1533)] MSPL::OnSpeedLimitChange({this=000059DC0235AD40}, {new_limit=100})
[13096:15684:0521/160300.798:VERBOSE1:media_stream_manager.cc(1533)] MSPL::OnSpeedLimitChange({this=000059DC0235AD40}, {new_limit=70})
[13096:15684:0521/160303.792:VERBOSE1:media_stream_manager.cc(1533)] MSPL::OnSpeedLimitChange({this=000059DC0235AD40}, {new_limit=69})
[13096:15684:0521/160304.795:VERBOSE1:media_stream_manager.cc(1533)] MSPL::OnSpeedLimitChange({this=000059DC0235AD40}, {new_limit=70})
[13096:15684:0521/160305.783:VERBOSE1:media_stream_manager.cc(1533)] MSPL::OnSpeedLimitChange({this=000059DC0235AD40}, {new_limit=69})
[13096:15684:0521/160306.790:VERBOSE1:media_stream_manager.cc(1533)] MSPL::OnSpeedLimitChange({this=000059DC0235AD40}, {new_limit=67})
[13096:15684:0521/160307.830:VERBOSE1:media_stream_manager.cc(1533)] MSPL::OnSpeedLimitChange({this=000059DC0235AD40}, {new_limit=70})
[13096:15684:0521/160308.795:VERBOSE1:media_stream_manager.cc(1533)] MSPL::OnSpeedLimitChange({this=000059DC0235AD40}, {new_limit=69})
[13096:15684:0521/160309.864:VERBOSE1:media_stream_manager.cc(1533)] MSPL::OnSpeedLimitChange({this=000059DC0235AD40}, {new_limit=100})
[13096:15684:0521/160319.793:VERBOSE1:media_stream_manager.cc(1533)] MSPL::OnSpeedLimitChange({this=000059DC0235AD40}, {new_limit=55})
[13096:6636:0521/160320.346:VERBOSE1:device_event_log_impl.cc(198)] [16:03:20.345] Display: EVENT: screen_win.cc:893 Displays updated, count: 1
[13096:6636:0521/160320.346:VERBOSE1:device_event_log_impl.cc(198)] [16:03:20.346] Display: EVENT: screen_win.cc:895 Display[2479531247] bounds=[0,0 1707x960], workarea=[0,0 1707x912], scale=1.5, rotation=0, panel_rotation=0 external detected
[13096:15684:0521/160321.884:VERBOSE1:media_stream_manager.cc(1533)] MSPL::OnSpeedLimitChange({this=000059DC0235AD40}, {new_limit=54})
[13096:15684:0521/160322.801:VERBOSE1:media_stream_manager.cc(1533)] MSPL::OnSpeedLimitChange({this=000059DC0235AD40}, {new_limit=55})
[13096:15684:0521/160324.813:VERBOSE1:media_stream_manager.cc(1533)] MSPL::OnSpeedLimitChange({this=000059DC0235AD40}, {new_limit=56})
[13096:15684:0521/160325.817:VERBOSE1:media_stream_manager.cc(1533)] MSPL::OnSpeedLimitChange({this=000059DC0235AD40}, {new_limit=59})
[13096:15684:0521/160326.825:VERBOSE1:media_stream_manager.cc(1533)] MSPL::OnSpeedLimitChange({this=000059DC0235AD40}, {new_limit=62})
[13096:15684:0521/160327.823:VERBOSE1:media_stream_manager.cc(1533)] MSPL::OnSpeedLimitChange({this=000059DC0235AD40}, {new_limit=66})
[13096:15684:0521/160328.828:VERBOSE1:media_stream_manager.cc(1533)] MSPL::OnSpeedLimitChange({this=000059DC0235AD40}, {new_limit=67})
[13096:15684:0521/160334.973:VERBOSE1:media_stream_manager.cc(1533)] MSPL::OnSpeedLimitChange({this=000059DC0235AD40}, {new_limit=100})
[13096:15684:0521/160358.863:VERBOSE1:media_stream_manager.cc(1533)] MSPL::OnSpeedLimitChange({this=000059DC0235AD40}, {new_limit=80})
[13096:15684:0521/160359.836:VERBOSE1:media_stream_manager.cc(1533)] MSPL::OnSpeedLimitChange({this=000059DC0235AD40}, {new_limit=100})
[13096:15684:0521/160409.838:VERBOSE1:media_stream_manager.cc(1533)] MSPL::OnSpeedLimitChange({this=000059DC0235AD40}, {new_limit=70})
[13096:15684:0521/160410.834:VERBOSE1:media_stream_manager.cc(1533)] MSPL::OnSpeedLimitChange({this=000059DC0235AD40}, {new_limit=69})
[13096:15684:0521/160411.849:VERBOSE1:media_stream_manager.cc(1533)] MSPL::OnSpeedLimitChange({this=000059DC0235AD40}, {new_limit=67})
[13096:15684:0521/160412.852:VERBOSE1:media_stream_manager.cc(1533)] MSPL::OnSpeedLimitChange({this=000059DC0235AD40}, {new_limit=68})
[13096:15684:0521/160413.838:VERBOSE1:media_stream_manager.cc(1533)] MSPL::OnSpeedLimitChange({this=000059DC0235AD40}, {new_limit=70})
[13096:15684:0521/160415.863:VERBOSE1:media_stream_manager.cc(1533)] MSPL::OnSpeedLimitChange({this=000059DC0235AD40}, {new_limit=68})
[13096:15684:0521/160416.840:VERBOSE1:media_stream_manager.cc(1533)] MSPL::OnSpeedLimitChange({this=000059DC0235AD40}, {new_limit=66})
[13096:15684:0521/160418.833:VERBOSE1:media_stream_manager.cc(1533)] MSPL::OnSpeedLimitChange({this=000059DC0235AD40}, {new_limit=65})
[13096:15684:0521/160419.842:VERBOSE1:media_stream_manager.cc(1533)] MSPL::OnSpeedLimitChange({this=000059DC0235AD40}, {new_limit=66})
[13096:15684:0521/160421.854:VERBOSE1:media_stream_manager.cc(1533)] MSPL::OnSpeedLimitChange({this=000059DC0235AD40}, {new_limit=65})
[13096:15684:0521/160422.848:VERBOSE1:media_stream_manager.cc(1533)] MSPL::OnSpeedLimitChange({this=000059DC0235AD40}, {new_limit=63})
[13096:15684:0521/160423.840:VERBOSE1:media_stream_manager.cc(1533)] MSPL::OnSpeedLimitChange({this=000059DC0235AD40}, {new_limit=62})
[13096:15684:0521/160424.846:VERBOSE1:media_stream_manager.cc(1533)] MSPL::OnSpeedLimitChange({this=000059DC0235AD40}, {new_limit=61})
[13096:15684:0521/160426.867:VERBOSE1:media_stream_manager.cc(1533)] MSPL::OnSpeedLimitChange({this=000059DC0235AD40}, {new_limit=59})
[13096:15684:0521/160427.857:VERBOSE1:media_stream_manager.cc(1533)] MSPL::OnSpeedLimitChange({this=000059DC0235AD40}, {new_limit=57})
[13096:15684:0521/160429.866:VERBOSE1:media_stream_manager.cc(1533)] MSPL::OnSpeedLimitChange({this=000059DC0235AD40}, {new_limit=58})
[14056:17712:0521/160430.398:VERBOSE1:network_delegate.cc(36)] NetworkDelegate::NotifyBeforeURLRequest: https://optimizationguide-pa.googleapis.com/v1:GetModels?key=dummytoken
[14056:17712:0521/160430.404:VERBOSE1:tls_handshaker.cc(105)] TlsClient: Continuing handshake
[14056:17712:0521/160430.405:VERBOSE1:tls_handshaker.cc(126)] TlsClient: SSL_do_handshake returned when entering early data. After retry, rv=-1, SSL_in_early_data=1
[14056:17712:0521/160430.413:VERBOSE1:tls_handshaker.cc(105)] TlsClient: Continuing handshake
[14056:17712:0521/160430.413:VERBOSE1:tls_handshaker.cc(105)] TlsClient: Continuing handshake
[14056:17712:0521/160430.413:VERBOSE1:tls_client_handshaker.cc(528)] Client: handshake finished
[13096:15684:0521/160430.863:VERBOSE1:media_stream_manager.cc(1533)] MSPL::OnSpeedLimitChange({this=000059DC0235AD40}, {new_limit=56})
[13096:15684:0521/160432.857:VERBOSE1:media_stream_manager.cc(1533)] MSPL::OnSpeedLimitChange({this=000059DC0235AD40}, {new_limit=55})
[13096:15684:0521/160434.903:VERBOSE1:media_stream_manager.cc(1533)] MSPL::OnSpeedLimitChange({this=000059DC0235AD40}, {new_limit=54})
[13096:15684:0521/160437.871:VERBOSE1:media_stream_manager.cc(1533)] MSPL::OnSpeedLimitChange({this=000059DC0235AD40}, {new_limit=55})
[13096:15684:0521/160439.865:VERBOSE1:media_stream_manager.cc(1533)] MSPL::OnSpeedLimitChange({this=000059DC0235AD40}, {new_limit=54})
[13096:15684:0521/160441.865:VERBOSE1:media_stream_manager.cc(1533)] MSPL::OnSpeedLimitChange({this=000059DC0235AD40}, {new_limit=55})
[13096:15684:0521/160443.903:VERBOSE1:media_stream_manager.cc(1533)] MSPL::OnSpeedLimitChange({this=000059DC0235AD40}, {new_limit=56})
[13096:15684:0521/160444.855:VERBOSE1:media_stream_manager.cc(1533)] MSPL::OnSpeedLimitChange({this=000059DC0235AD40}, {new_limit=55})
[13096:15684:0521/160445.867:VERBOSE1:media_stream_manager.cc(1533)] MSPL::OnSpeedLimitChange({this=000059DC0235AD40}, {new_limit=54})
[13096:15684:0521/160446.858:VERBOSE1:media_stream_manager.cc(1533)] MSPL::OnSpeedLimitChange({this=000059DC0235AD40}, {new_limit=55})
[13096:15684:0521/160448.890:VERBOSE1:media_stream_manager.cc(1533)] MSPL::OnSpeedLimitChange({this=000059DC0235AD40}, {new_limit=57})
[13096:15684:0521/160449.891:VERBOSE1:media_stream_manager.cc(1533)] MSPL::OnSpeedLimitChange({this=000059DC0235AD40}, {new_limit=58})
[13096:15684:0521/160454.877:VERBOSE1:media_stream_manager.cc(1533)] MSPL::OnSpeedLimitChange({this=000059DC0235AD40}, {new_limit=59})
[13096:15684:0521/160455.865:VERBOSE1:media_stream_manager.cc(1533)] MSPL::OnSpeedLimitChange({this=000059DC0235AD40}, {new_limit=60})
[13096:15684:0521/160457.891:VERBOSE1:media_stream_manager.cc(1533)] MSPL::OnSpeedLimitChange({this=000059DC0235AD40}, {new_limit=61})
[13096:15684:0521/160458.886:VERBOSE1:media_stream_manager.cc(1533)] MSPL::OnSpeedLimitChange({this=000059DC0235AD40}, {new_limit=59})
[13096:15684:0521/160501.072:VERBOSE1:media_stream_manager.cc(1533)] MSPL::OnSpeedLimitChange({this=000059DC0235AD40}, {new_limit=60})
[13096:15684:0521/160501.872:VERBOSE1:media_stream_manager.cc(1533)] MSPL::OnSpeedLimitChange({this=000059DC0235AD40}, {new_limit=63})
[13096:15684:0521/160502.873:VERBOSE1:media_stream_manager.cc(1533)] MSPL::OnSpeedLimitChange({this=000059DC0235AD40}, {new_limit=65})
[13096:15684:0521/160503.889:VERBOSE1:media_stream_manager.cc(1533)] MSPL::OnSpeedLimitChange({this=000059DC0235AD40}, {new_limit=66})
[13096:15684:0521/160504.899:VERBOSE1:media_stream_manager.cc(1533)] MSPL::OnSpeedLimitChange({this=000059DC0235AD40}, {new_limit=69})
[13096:15684:0521/160505.899:VERBOSE1:media_stream_manager.cc(1533)] MSPL::OnSpeedLimitChange({this=000059DC0235AD40}, {new_limit=71})
[13096:15684:0521/160506.878:VERBOSE1:media_stream_manager.cc(1533)] MSPL::OnSpeedLimitChange({this=000059DC0235AD40}, {new_limit=72})
[13096:15684:0521/160508.892:VERBOSE1:media_stream_manager.cc(1533)] MSPL::OnSpeedLimitChange({this=000059DC0235AD40}, {new_limit=74})
[13096:15684:0521/160509.891:VERBOSE1:media_stream_manager.cc(1533)] MSPL::OnSpeedLimitChange({this=000059DC0235AD40}, {new_limit=76})
[13096:15684:0521/160511.886:VERBOSE1:media_stream_manager.cc(1533)] MSPL::OnSpeedLimitChange({this=000059DC0235AD40}, {new_limit=75})
[13096:15684:0521/160513.893:VERBOSE1:media_stream_manager.cc(1533)] MSPL::OnSpeedLimitChange({this=000059DC0235AD40}, {new_limit=73})
[13096:15684:0521/160514.883:VERBOSE1:media_stream_manager.cc(1533)] MSPL::OnSpeedLimitChange({this=000059DC0235AD40}, {new_limit=71})
[13096:15684:0521/160515.884:VERBOSE1:media_stream_manager.cc(1533)] MSPL::OnSpeedLimitChange({this=000059DC0235AD40}, {new_limit=69})
[13096:15684:0521/160516.886:VERBOSE1:media_stream_manager.cc(1533)] MSPL::OnSpeedLimitChange({this=000059DC0235AD40}, {new_limit=68})
[13096:15684:0521/160517.895:VERBOSE1:media_stream_manager.cc(1533)] MSPL::OnSpeedLimitChange({this=000059DC0235AD40}, {new_limit=69})
[13096:15684:0521/160518.896:VERBOSE1:media_stream_manager.cc(1533)] MSPL::OnSpeedLimitChange({this=000059DC0235AD40}, {new_limit=68})
[13096:15684:0521/160519.897:VERBOSE1:media_stream_manager.cc(1533)] MSPL::OnSpeedLimitChange({this=000059DC0235AD40}, {new_limit=66})
[13096:15684:0521/160520.957:VERBOSE1:media_stream_manager.cc(1533)] MSPL::OnSpeedLimitChange({this=000059DC0235AD40}, {new_limit=67})
[13096:15684:0521/160521.884:VERBOSE1:media_stream_manager.cc(1533)] MSPL::OnSpeedLimitChange({this=000059DC0235AD40}, {new_limit=66})
[13096:15684:0521/160522.884:VERBOSE1:media_stream_manager.cc(1533)] MSPL::OnSpeedLimitChange({this=000059DC0235AD40}, {new_limit=65})
[13096:15684:0521/160524.890:VERBOSE1:media_stream_manager.cc(1533)] MSPL::OnSpeedLimitChange({this=000059DC0235AD40}, {new_limit=64})
[13096:15684:0521/160525.898:VERBOSE1:media_stream_manager.cc(1533)] MSPL::OnSpeedLimitChange({this=000059DC0235AD40}, {new_limit=66})
[13096:15684:0521/160527.917:VERBOSE1:media_stream_manager.cc(1533)] MSPL::OnSpeedLimitChange({this=000059DC0235AD40}, {new_limit=67})
[13096:15684:0521/160528.910:VERBOSE1:media_stream_manager.cc(1533)] MSPL::OnSpeedLimitChange({this=000059DC0235AD40}, {new_limit=68})
[13096:15684:0521/160530.900:VERBOSE1:media_stream_manager.cc(1533)] MSPL::OnSpeedLimitChange({this=000059DC0235AD40}, {new_limit=67})
[13096:15684:0521/160531.901:VERBOSE1:media_stream_manager.cc(1533)] MSPL::OnSpeedLimitChange({this=000059DC0235AD40}, {new_limit=68})
[13096:15684:0521/160533.020:VERBOSE1:media_stream_manager.cc(1533)] MSPL::OnSpeedLimitChange({this=000059DC0235AD40}, {new_limit=65})
[13096:15684:0521/160534.020:VERBOSE1:media_stream_manager.cc(1533)] MSPL::OnSpeedLimitChange({this=000059DC0235AD40}, {new_limit=62})
[13096:15684:0521/160535.020:VERBOSE1:media_stream_manager.cc(1533)] MSPL::OnSpeedLimitChange({this=000059DC0235AD40}, {new_limit=100})
[14056:17712:0521/160716.030:VERBOSE1:network_delegate.cc(36)] NetworkDelegate::NotifyBeforeURLRequest: https://optimizationguide-pa.googleapis.com/v1:GetModels?key=dummytoken
[14056:17712:0521/160716.058:VERBOSE1:tls_handshaker.cc(105)] TlsClient: Continuing handshake
[14056:17712:0521/160716.059:VERBOSE1:tls_handshaker.cc(126)] TlsClient: SSL_do_handshake returned when entering early data. After retry, rv=-1, SSL_in_early_data=1
[14056:17712:0521/160716.081:VERBOSE1:tls_handshaker.cc(105)] TlsClient: Continuing handshake
[14056:17712:0521/160716.081:VERBOSE1:tls_handshaker.cc(105)] TlsClient: Continuing handshake
[14056:17712:0521/160716.081:VERBOSE1:tls_client_handshaker.cc(528)] Client: handshake finished
[13096:6636:0521/160932.310:VERBOSE1:device_event_log_impl.cc(198)] [16:09:32.309] Display: EVENT: screen_win.cc:893 Displays updated, count: 1
[13096:6636:0521/160932.310:VERBOSE1:device_event_log_impl.cc(198)] [16:09:32.310] Display: EVENT: screen_win.cc:895 Display[2479531247] bounds=[0,0 1707x960], workarea=[0,0 1707x912], scale=1.5, rotation=0, panel_rotation=0 external detected
[13096:15684:0521/160941.048:VERBOSE1:media_stream_manager.cc(1533)] MSPL::OnSpeedLimitChange({this=000059DC0235AD40}, {new_limit=76})
[13096:15684:0521/160942.061:VERBOSE1:media_stream_manager.cc(1533)] MSPL::OnSpeedLimitChange({this=000059DC0235AD40}, {new_limit=74})
[13096:15684:0521/160945.074:VERBOSE1:media_stream_manager.cc(1533)] MSPL::OnSpeedLimitChange({this=000059DC0235AD40}, {new_limit=72})
[13096:15684:0521/160946.067:VERBOSE1:media_stream_manager.cc(1533)] MSPL::OnSpeedLimitChange({this=000059DC0235AD40}, {new_limit=69})
[13096:15684:0521/160947.087:VERBOSE1:media_stream_manager.cc(1533)] MSPL::OnSpeedLimitChange({this=000059DC0235AD40}, {new_limit=68})
[13096:15684:0521/160948.294:VERBOSE1:media_stream_manager.cc(1533)] MSPL::OnSpeedLimitChange({this=000059DC0235AD40}, {new_limit=100})
[13096:6636:0521/160955.520:VERBOSE1:device_event_log_impl.cc(198)] [16:09:55.519] Display: EVENT: screen_win.cc:893 Displays updated, count: 1
[13096:6636:0521/160955.520:VERBOSE1:device_event_log_impl.cc(198)] [16:09:55.519] Display: EVENT: screen_win.cc:895 Display[2479531247] bounds=[0,0 1707x960], workarea=[0,0 1707x912], scale=1.5, rotation=0, panel_rotation=0 external detected
[14056:17712:0521/161002.929:VERBOSE1:network_delegate.cc(36)] NetworkDelegate::NotifyBeforeURLRequest: https://optimizationguide-pa.googleapis.com/v1:GetModels?key=dummytoken
[14056:17712:0521/161002.945:VERBOSE1:tls_handshaker.cc(105)] TlsClient: Continuing handshake
[14056:17712:0521/161002.961:VERBOSE1:tls_handshaker.cc(105)] TlsClient: Continuing handshake
[14056:17712:0521/161002.989:VERBOSE1:tls_handshaker.cc(105)] TlsClient: Continuing handshake
[14056:17712:0521/161002.991:VERBOSE1:tls_handshaker.cc(126)] TlsClient: SSL_do_handshake returned when entering early data. After retry, rv=-1, SSL_in_early_data=1
[14056:17712:0521/161002.991:VERBOSE1:tls_handshaker.cc(105)] TlsClient: Continuing handshake
[14056:17712:0521/161002.991:VERBOSE1:tls_client_handshaker.cc(528)] Client: handshake finished
[13096:15684:0521/161005.079:VERBOSE1:media_stream_manager.cc(1533)] MSPL::OnSpeedLimitChange({this=000059DC0235AD40}, {new_limit=68})
[13096:15684:0521/161006.075:VERBOSE1:media_stream_manager.cc(1533)] MSPL::OnSpeedLimitChange({this=000059DC0235AD40}, {new_limit=69})
[13096:15684:0521/161007.086:VERBOSE1:media_stream_manager.cc(1533)] MSPL::OnSpeedLimitChange({this=000059DC0235AD40}, {new_limit=68})
[13096:15684:0521/161008.078:VERBOSE1:media_stream_manager.cc(1533)] MSPL::OnSpeedLimitChange({this=000059DC0235AD40}, {new_limit=67})
[13096:15684:0521/161009.086:VERBOSE1:media_stream_manager.cc(1533)] MSPL::OnSpeedLimitChange({this=000059DC0235AD40}, {new_limit=69})
[13096:15684:0521/161011.091:VERBOSE1:media_stream_manager.cc(1533)] MSPL::OnSpeedLimitChange({this=000059DC0235AD40}, {new_limit=68})
[13096:15684:0521/161012.706:VERBOSE1:media_stream_manager.cc(1533)] MSPL::OnSpeedLimitChange({this=000059DC0235AD40}, {new_limit=100})
[13096:15684:0521/161022.100:VERBOSE1:media_stream_manager.cc(1533)] MSPL::OnSpeedLimitChange({this=000059DC0235AD40}, {new_limit=68})
[13096:15684:0521/161023.093:VERBOSE1:media_stream_manager.cc(1533)] MSPL::OnSpeedLimitChange({this=000059DC0235AD40}, {new_limit=70})
[13096:15684:0521/161024.088:VERBOSE1:media_stream_manager.cc(1533)] MSPL::OnSpeedLimitChange({this=000059DC0235AD40}, {new_limit=69})
[13096:15684:0521/161025.097:VERBOSE1:media_stream_manager.cc(1533)] MSPL::OnSpeedLimitChange({this=000059DC0235AD40}, {new_limit=71})
[13096:15684:0521/161026.087:VERBOSE1:media_stream_manager.cc(1533)] MSPL::OnSpeedLimitChange({this=000059DC0235AD40}, {new_limit=73})
[13096:15684:0521/161028.086:VERBOSE1:media_stream_manager.cc(1533)] MSPL::OnSpeedLimitChange({this=000059DC0235AD40}, {new_limit=71})
[13096:15684:0521/161029.084:VERBOSE1:media_stream_manager.cc(1533)] MSPL::OnSpeedLimitChange({this=000059DC0235AD40}, {new_limit=70})
[13096:15684:0521/161030.096:VERBOSE1:media_stream_manager.cc(1533)] MSPL::OnSpeedLimitChange({this=000059DC0235AD40}, {new_limit=69})
[13096:15684:0521/161031.097:VERBOSE1:media_stream_manager.cc(1533)] MSPL::OnSpeedLimitChange({this=000059DC0235AD40}, {new_limit=67})
[13096:15684:0521/161032.102:VERBOSE1:media_stream_manager.cc(1533)] MSPL::OnSpeedLimitChange({this=000059DC0235AD40}, {new_limit=66})
[13096:15684:0521/161033.124:VERBOSE1:media_stream_manager.cc(1533)] MSPL::OnSpeedLimitChange({this=000059DC0235AD40}, {new_limit=65})
[13096:15684:0521/161034.105:VERBOSE1:media_stream_manager.cc(1533)] MSPL::OnSpeedLimitChange({this=000059DC0235AD40}, {new_limit=64})
[13096:15684:0521/161035.092:VERBOSE1:media_stream_manager.cc(1533)] MSPL::OnSpeedLimitChange({this=000059DC0235AD40}, {new_limit=63})
[13096:15684:0521/161037.135:VERBOSE1:media_stream_manager.cc(1533)] MSPL::OnSpeedLimitChange({this=000059DC0235AD40}, {new_limit=61})
[13096:15684:0521/161038.122:VERBOSE1:media_stream_manager.cc(1533)] MSPL::OnSpeedLimitChange({this=000059DC0235AD40}, {new_limit=63})
[13096:15684:0521/161039.122:VERBOSE1:media_stream_manager.cc(1533)] MSPL::OnSpeedLimitChange({this=000059DC0235AD40}, {new_limit=100})
[13096:15684:0521/161212.464:VERBOSE1:media_stream_manager.cc(1533)] MSPL::OnSpeedLimitChange({this=000059DC0235AD40}, {new_limit=80})
[13096:15684:0521/161213.463:VERBOSE1:media_stream_manager.cc(1533)] MSPL::OnSpeedLimitChange({this=000059DC0235AD40}, {new_limit=79})
[13096:15684:0521/161216.465:VERBOSE1:media_stream_manager.cc(1533)] MSPL::OnSpeedLimitChange({this=000059DC0235AD40}, {new_limit=77})
[13096:15684:0521/161217.465:VERBOSE1:media_stream_manager.cc(1533)] MSPL::OnSpeedLimitChange({this=000059DC0235AD40}, {new_limit=79})
[13096:15684:0521/161218.463:VERBOSE1:media_stream_manager.cc(1533)] MSPL::OnSpeedLimitChange({this=000059DC0235AD40}, {new_limit=78})
[13096:15684:0521/161220.465:VERBOSE1:media_stream_manager.cc(1533)] MSPL::OnSpeedLimitChange({this=000059DC0235AD40}, {new_limit=79})
[13096:15684:0521/161221.465:VERBOSE1:media_stream_manager.cc(1533)] MSPL::OnSpeedLimitChange({this=000059DC0235AD40}, {new_limit=78})
[13096:15684:0521/161223.465:VERBOSE1:media_stream_manager.cc(1533)] MSPL::OnSpeedLimitChange({this=000059DC0235AD40}, {new_limit=100})
[13096:15684:0521/161233.466:VERBOSE1:media_stream_manager.cc(1533)] MSPL::OnSpeedLimitChange({this=000059DC0235AD40}, {new_limit=80})
[13096:15684:0521/161235.466:VERBOSE1:media_stream_manager.cc(1533)] MSPL::OnSpeedLimitChange({this=000059DC0235AD40}, {new_limit=82})
[13096:15684:0521/161236.466:VERBOSE1:media_stream_manager.cc(1533)] MSPL::OnSpeedLimitChange({this=000059DC0235AD40}, {new_limit=84})
[14056:17712:0521/161236.800:VERBOSE1:network_delegate.cc(36)] NetworkDelegate::NotifyBeforeURLRequest: https://optimizationguide-pa.googleapis.com/v1:GetModels?key=dummytoken
[14056:17712:0521/161236.820:VERBOSE1:tls_handshaker.cc(105)] TlsClient: Continuing handshake
[14056:17712:0521/161236.821:VERBOSE1:tls_handshaker.cc(126)] TlsClient: SSL_do_handshake returned when entering early data. After retry, rv=-1, SSL_in_early_data=1
[14056:17712:0521/161236.829:VERBOSE1:tls_handshaker.cc(105)] TlsClient: Continuing handshake
[14056:17712:0521/161236.829:VERBOSE1:tls_handshaker.cc(105)] TlsClient: Continuing handshake
[14056:17712:0521/161236.829:VERBOSE1:tls_client_handshaker.cc(528)] Client: handshake finished
[13096:15684:0521/161237.467:VERBOSE1:media_stream_manager.cc(1533)] MSPL::OnSpeedLimitChange({this=000059DC0235AD40}, {new_limit=83})
[13096:15684:0521/161238.468:VERBOSE1:media_stream_manager.cc(1533)] MSPL::OnSpeedLimitChange({this=000059DC0235AD40}, {new_limit=85})
[13096:6636:0521/161241.747:VERBOSE1:device_event_log_impl.cc(198)] [16:12:41.747] Display: EVENT: screen_win.cc:893 Displays updated, count: 1
[13096:6636:0521/161241.748:VERBOSE1:device_event_log_impl.cc(198)] [16:12:41.748] Display: EVENT: screen_win.cc:895 Display[2479531247] bounds=[0,0 1707x960], workarea=[0,0 1707x912], scale=1.5, rotation=0, panel_rotation=0 external detected
[13096:15684:0521/161242.195:VERBOSE1:media_stream_manager.cc(1533)] MSPL::OnSpeedLimitChange({this=000059DC0235AD40}, {new_limit=82})
[13096:15684:0521/161243.182:VERBOSE1:media_stream_manager.cc(1533)] MSPL::OnSpeedLimitChange({this=000059DC0235AD40}, {new_limit=80})
[13096:15684:0521/161244.175:VERBOSE1:media_stream_manager.cc(1533)] MSPL::OnSpeedLimitChange({this=000059DC0235AD40}, {new_limit=79})
[13096:15684:0521/161245.200:VERBOSE1:media_stream_manager.cc(1533)] MSPL::OnSpeedLimitChange({this=000059DC0235AD40}, {new_limit=76})
[13096:15684:0521/161246.269:VERBOSE1:media_stream_manager.cc(1533)] MSPL::OnSpeedLimitChange({this=000059DC0235AD40}, {new_limit=74})
[13096:15684:0521/161247.181:VERBOSE1:media_stream_manager.cc(1533)] MSPL::OnSpeedLimitChange({this=000059DC0235AD40}, {new_limit=73})
[13096:15684:0521/161248.188:VERBOSE1:media_stream_manager.cc(1533)] MSPL::OnSpeedLimitChange({this=000059DC0235AD40}, {new_limit=71})
[13096:15684:0521/161249.239:VERBOSE1:media_stream_manager.cc(1533)] MSPL::OnSpeedLimitChange({this=000059DC0235AD40}, {new_limit=69})
[13096:15684:0521/161250.197:VERBOSE1:media_stream_manager.cc(1533)] MSPL::OnSpeedLimitChange({this=000059DC0235AD40}, {new_limit=66})
[13096:15684:0521/161251.183:VERBOSE1:media_stream_manager.cc(1533)] MSPL::OnSpeedLimitChange({this=000059DC0235AD40}, {new_limit=64})
[13096:15684:0521/161252.208:VERBOSE1:media_stream_manager.cc(1533)] MSPL::OnSpeedLimitChange({this=000059DC0235AD40}, {new_limit=100})
[13096:15684:0521/161316.205:VERBOSE1:media_stream_manager.cc(1533)] MSPL::OnSpeedLimitChange({this=000059DC0235AD40}, {new_limit=65})
[13096:15684:0521/161318.208:VERBOSE1:media_stream_manager.cc(1533)] MSPL::OnSpeedLimitChange({this=000059DC0235AD40}, {new_limit=64})
[13096:15684:0521/161319.243:VERBOSE1:media_stream_manager.cc(1533)] MSPL::OnSpeedLimitChange({this=000059DC0235AD40}, {new_limit=65})
[13096:15684:0521/161320.205:VERBOSE1:media_stream_manager.cc(1533)] MSPL::OnSpeedLimitChange({this=000059DC0235AD40}, {new_limit=64})
[13096:15684:0521/161322.209:VERBOSE1:media_stream_manager.cc(1533)] MSPL::OnSpeedLimitChange({this=000059DC0235AD40}, {new_limit=61})
[13096:15684:0521/161323.197:VERBOSE1:media_stream_manager.cc(1533)] MSPL::OnSpeedLimitChange({this=000059DC0235AD40}, {new_limit=63})
[13096:15684:0521/161325.199:VERBOSE1:media_stream_manager.cc(1533)] MSPL::OnSpeedLimitChange({this=000059DC0235AD40}, {new_limit=62})
[13096:15684:0521/161326.198:VERBOSE1:media_stream_manager.cc(1533)] MSPL::OnSpeedLimitChange({this=000059DC0235AD40}, {new_limit=64})
[13096:15684:0521/161327.210:VERBOSE1:media_stream_manager.cc(1533)] MSPL::OnSpeedLimitChange({this=000059DC0235AD40}, {new_limit=65})
[13096:15684:0521/161328.213:VERBOSE1:media_stream_manager.cc(1533)] MSPL::OnSpeedLimitChange({this=000059DC0235AD40}, {new_limit=66})
[13096:15684:0521/161330.212:VERBOSE1:media_stream_manager.cc(1533)] MSPL::OnSpeedLimitChange({this=000059DC0235AD40}, {new_limit=65})
[13096:15684:0521/161331.217:VERBOSE1:media_stream_manager.cc(1533)] MSPL::OnSpeedLimitChange({this=000059DC0235AD40}, {new_limit=64})
[13096:15684:0521/161333.218:VERBOSE1:media_stream_manager.cc(1533)] MSPL::OnSpeedLimitChange({this=000059DC0235AD40}, {new_limit=63})
[13096:15684:0521/161335.207:VERBOSE1:media_stream_manager.cc(1533)] MSPL::OnSpeedLimitChange({this=000059DC0235AD40}, {new_limit=62})
[13096:15684:0521/161336.416:VERBOSE1:media_stream_manager.cc(1533)] MSPL::OnSpeedLimitChange({this=000059DC0235AD40}, {new_limit=100})
[13096:6636:0521/161357.309:VERBOSE1:device_event_log_impl.cc(198)] [16:13:57.309] Display: EVENT: screen_win.cc:893 Displays updated, count: 1
[13096:6636:0521/161357.309:VERBOSE1:device_event_log_impl.cc(198)] [16:13:57.309] Display: EVENT: screen_win.cc:895 Display[2479531247] bounds=[0,0 1707x960], workarea=[0,0 1707x912], scale=1.5, rotation=0, panel_rotation=0 external detected
[13096:15684:0521/161407.231:VERBOSE1:media_stream_manager.cc(1533)] MSPL::OnSpeedLimitChange({this=000059DC0235AD40}, {new_limit=70})
[13096:15684:0521/161408.261:VERBOSE1:media_stream_manager.cc(1533)] MSPL::OnSpeedLimitChange({this=000059DC0235AD40}, {new_limit=69})
[13096:15684:0521/161409.239:VERBOSE1:media_stream_manager.cc(1533)] MSPL::OnSpeedLimitChange({this=000059DC0235AD40}, {new_limit=68})
[13096:15684:0521/161410.495:VERBOSE1:media_stream_manager.cc(1533)] MSPL::OnSpeedLimitChange({this=000059DC0235AD40}, {new_limit=67})
[13096:15684:0521/161411.234:VERBOSE1:media_stream_manager.cc(1533)] MSPL::OnSpeedLimitChange({this=000059DC0235AD40}, {new_limit=66})
[13096:15684:0521/161413.245:VERBOSE1:media_stream_manager.cc(1533)] MSPL::OnSpeedLimitChange({this=000059DC0235AD40}, {new_limit=65})
[13096:15684:0521/161418.629:VERBOSE1:media_stream_manager.cc(1533)] MSPL::OnSpeedLimitChange({this=000059DC0235AD40}, {new_limit=62})
[13096:15684:0521/161418.629:VERBOSE1:media_stream_manager.cc(1533)] MSPL::OnSpeedLimitChange({this=000059DC0235AD40}, {new_limit=64})
[13096:15684:0521/161418.629:VERBOSE1:media_stream_manager.cc(1533)] MSPL::OnSpeedLimitChange({this=000059DC0235AD40}, {new_limit=61})
[13096:15684:0521/161418.629:VERBOSE1:media_stream_manager.cc(1533)] MSPL::OnSpeedLimitChange({this=000059DC0235AD40}, {new_limit=64})
[13096:15684:0521/161418.629:VERBOSE1:media_stream_manager.cc(1533)] MSPL::OnSpeedLimitChange({this=000059DC0235AD40}, {new_limit=62})
[13096:15684:0521/161419.265:VERBOSE1:media_stream_manager.cc(1533)] MSPL::OnSpeedLimitChange({this=000059DC0235AD40}, {new_limit=63})
[13096:15684:0521/161420.294:VERBOSE1:media_stream_manager.cc(1533)] MSPL::OnSpeedLimitChange({this=000059DC0235AD40}, {new_limit=64})
[13096:15684:0521/161421.270:VERBOSE1:media_stream_manager.cc(1533)] MSPL::OnSpeedLimitChange({this=000059DC0235AD40}, {new_limit=67})
[13096:15684:0521/161422.372:VERBOSE1:media_stream_manager.cc(1533)] MSPL::OnSpeedLimitChange({this=000059DC0235AD40}, {new_limit=68})
[13096:15684:0521/161423.441:VERBOSE1:media_stream_manager.cc(1533)] MSPL::OnSpeedLimitChange({this=000059DC0235AD40}, {new_limit=69})
[13096:15684:0521/161424.286:VERBOSE1:media_stream_manager.cc(1533)] MSPL::OnSpeedLimitChange({this=000059DC0235AD40}, {new_limit=74})
[13096:15684:0521/161425.288:VERBOSE1:media_stream_manager.cc(1533)] MSPL::OnSpeedLimitChange({this=000059DC0235AD40}, {new_limit=100})
[13096:15684:0521/161436.278:VERBOSE1:media_stream_manager.cc(1533)] MSPL::OnSpeedLimitChange({this=000059DC0235AD40}, {new_limit=70})
[13096:15684:0521/161437.712:VERBOSE1:media_stream_manager.cc(1533)] MSPL::OnSpeedLimitChange({this=000059DC0235AD40}, {new_limit=100})
[13096:6636:0521/161505.286:VERBOSE1:device_event_log_impl.cc(198)] [16:15:05.286] Display: EVENT: screen_win.cc:893 Displays updated, count: 1
[13096:6636:0521/161505.286:VERBOSE1:device_event_log_impl.cc(198)] [16:15:05.286] Display: EVENT: screen_win.cc:895 Display[2479531247] bounds=[0,0 1707x960], workarea=[0,0 1707x912], scale=1.5, rotation=0, panel_rotation=0 external detected
[13096:15684:0521/161514.295:VERBOSE1:media_stream_manager.cc(1533)] MSPL::OnSpeedLimitChange({this=000059DC0235AD40}, {new_limit=64})
[13096:15684:0521/161515.285:VERBOSE1:media_stream_manager.cc(1533)] MSPL::OnSpeedLimitChange({this=000059DC0235AD40}, {new_limit=62})
[13096:15684:0521/161516.284:VERBOSE1:media_stream_manager.cc(1533)] MSPL::OnSpeedLimitChange({this=000059DC0235AD40}, {new_limit=61})
[13096:15684:0521/161517.279:VERBOSE1:media_stream_manager.cc(1533)] MSPL::OnSpeedLimitChange({this=000059DC0235AD40}, {new_limit=60})
[13096:15684:0521/161518.311:VERBOSE1:media_stream_manager.cc(1533)] MSPL::OnSpeedLimitChange({this=000059DC0235AD40}, {new_limit=61})
[13096:15684:0521/161519.293:VERBOSE1:media_stream_manager.cc(1533)] MSPL::OnSpeedLimitChange({this=000059DC0235AD40}, {new_limit=62})
[13096:15684:0521/161521.282:VERBOSE1:media_stream_manager.cc(1533)] MSPL::OnSpeedLimitChange({this=000059DC0235AD40}, {new_limit=63})
[13096:15684:0521/161522.305:VERBOSE1:media_stream_manager.cc(1533)] MSPL::OnSpeedLimitChange({this=000059DC0235AD40}, {new_limit=62})
[13096:15684:0521/161523.303:VERBOSE1:media_stream_manager.cc(1533)] MSPL::OnSpeedLimitChange({this=000059DC0235AD40}, {new_limit=61})
[13096:15684:0521/161524.291:VERBOSE1:media_stream_manager.cc(1533)] MSPL::OnSpeedLimitChange({this=000059DC0235AD40}, {new_limit=100})
[14056:17712:0521/161533.348:VERBOSE1:network_delegate.cc(36)] NetworkDelegate::NotifyBeforeURLRequest: https://optimizationguide-pa.googleapis.com/v1:GetModels?key=dummytoken
[14056:17712:0521/161533.352:VERBOSE1:tls_handshaker.cc(105)] TlsClient: Continuing handshake
[14056:17712:0521/161533.353:VERBOSE1:tls_handshaker.cc(126)] TlsClient: SSL_do_handshake returned when entering early data. After retry, rv=-1, SSL_in_early_data=1
[14056:17712:0521/161533.360:VERBOSE1:tls_handshaker.cc(105)] TlsClient: Continuing handshake
[14056:17712:0521/161533.360:VERBOSE1:tls_handshaker.cc(105)] TlsClient: Continuing handshake
[14056:17712:0521/161533.360:VERBOSE1:tls_client_handshaker.cc(528)] Client: handshake finished
[13096:15684:0521/161534.313:VERBOSE1:media_stream_manager.cc(1533)] MSPL::OnSpeedLimitChange({this=000059DC0235AD40}, {new_limit=79})
[13096:15684:0521/161536.312:VERBOSE1:media_stream_manager.cc(1533)] MSPL::OnSpeedLimitChange({this=000059DC0235AD40}, {new_limit=78})
[13096:15684:0521/161538.306:VERBOSE1:media_stream_manager.cc(1533)] MSPL::OnSpeedLimitChange({this=000059DC0235AD40}, {new_limit=76})
[13096:15684:0521/161539.300:VERBOSE1:media_stream_manager.cc(1533)] MSPL::OnSpeedLimitChange({this=000059DC0235AD40}, {new_limit=74})
[13096:15684:0521/161541.317:VERBOSE1:media_stream_manager.cc(1533)] MSPL::OnSpeedLimitChange({this=000059DC0235AD40}, {new_limit=71})
[13096:15684:0521/161542.296:VERBOSE1:media_stream_manager.cc(1533)] MSPL::OnSpeedLimitChange({this=000059DC0235AD40}, {new_limit=69})
[13096:15684:0521/161543.312:VERBOSE1:media_stream_manager.cc(1533)] MSPL::OnSpeedLimitChange({this=000059DC0235AD40}, {new_limit=66})
[13096:15684:0521/161544.310:VERBOSE1:media_stream_manager.cc(1533)] MSPL::OnSpeedLimitChange({this=000059DC0235AD40}, {new_limit=64})
[13096:15684:0521/161545.321:VERBOSE1:media_stream_manager.cc(1533)] MSPL::OnSpeedLimitChange({this=000059DC0235AD40}, {new_limit=62})
[13096:15684:0521/161546.320:VERBOSE1:media_stream_manager.cc(1533)] MSPL::OnSpeedLimitChange({this=000059DC0235AD40}, {new_limit=61})
[13096:15684:0521/161547.321:VERBOSE1:media_stream_manager.cc(1533)] MSPL::OnSpeedLimitChange({this=000059DC0235AD40}, {new_limit=62})
[13096:15684:0521/161548.323:VERBOSE1:media_stream_manager.cc(1533)] MSPL::OnSpeedLimitChange({this=000059DC0235AD40}, {new_limit=64})
[13096:15684:0521/161550.303:VERBOSE1:media_stream_manager.cc(1533)] MSPL::OnSpeedLimitChange({this=000059DC0235AD40}, {new_limit=65})
[13096:15684:0521/161555.332:VERBOSE1:media_stream_manager.cc(1533)] MSPL::OnSpeedLimitChange({this=000059DC0235AD40}, {new_limit=66})
[13096:15684:0521/161556.316:VERBOSE1:media_stream_manager.cc(1533)] MSPL::OnSpeedLimitChange({this=000059DC0235AD40}, {new_limit=65})
[13096:15684:0521/161557.313:VERBOSE1:media_stream_manager.cc(1533)] MSPL::OnSpeedLimitChange({this=000059DC0235AD40}, {new_limit=64})
[13096:15684:0521/161558.305:VERBOSE1:media_stream_manager.cc(1533)] MSPL::OnSpeedLimitChange({this=000059DC0235AD40}, {new_limit=61})
[13096:15684:0521/161559.496:VERBOSE1:media_stream_manager.cc(1533)] MSPL::OnSpeedLimitChange({this=000059DC0235AD40}, {new_limit=100})
[13096:6636:0521/161617.489:VERBOSE1:device_event_log_impl.cc(198)] [16:16:17.489] Display: EVENT: screen_win.cc:893 Displays updated, count: 1
[13096:6636:0521/161617.491:VERBOSE1:device_event_log_impl.cc(198)] [16:16:17.490] Display: EVENT: screen_win.cc:895 Display[2479531247] bounds=[0,0 1707x960], workarea=[0,0 1707x912], scale=1.5, rotation=0, panel_rotation=0 external detected
[13096:15684:0521/161624.623:VERBOSE1:media_stream_manager.cc(1533)] MSPL::OnSpeedLimitChange({this=000059DC0235AD40}, {new_limit=71})
[13096:15684:0521/161625.622:VERBOSE1:media_stream_manager.cc(1533)] MSPL::OnSpeedLimitChange({this=000059DC0235AD40}, {new_limit=74})
[13096:15684:0521/161627.621:VERBOSE1:media_stream_manager.cc(1533)] MSPL::OnSpeedLimitChange({this=000059DC0235AD40}, {new_limit=73})
[13096:15684:0521/161628.622:VERBOSE1:media_stream_manager.cc(1533)] MSPL::OnSpeedLimitChange({this=000059DC0235AD40}, {new_limit=76})
[13096:6636:0521/161629.073:VERBOSE1:device_event_log_impl.cc(198)] [16:16:29.072] Display: EVENT: screen_win.cc:893 Displays updated, count: 1
[13096:6636:0521/161629.074:VERBOSE1:device_event_log_impl.cc(198)] [16:16:29.073] Display: EVENT: screen_win.cc:895 Display[2479531247] bounds=[0,0 1707x960], workarea=[0,0 1707x912], scale=1.5, rotation=0, panel_rotation=0 external detected
[13096:15684:0521/161629.422:VERBOSE1:media_stream_manager.cc(1533)] MSPL::OnSpeedLimitChange({this=000059DC0235AD40}, {new_limit=75})
[13096:15684:0521/161630.369:VERBOSE1:media_stream_manager.cc(1533)] MSPL::OnSpeedLimitChange({this=000059DC0235AD40}, {new_limit=74})
[13096:15684:0521/161631.345:VERBOSE1:media_stream_manager.cc(1533)] MSPL::OnSpeedLimitChange({this=000059DC0235AD40}, {new_limit=75})
[13096:15684:0521/161632.343:VERBOSE1:media_stream_manager.cc(1533)] MSPL::OnSpeedLimitChange({this=000059DC0235AD40}, {new_limit=74})
[13096:15684:0521/161634.351:VERBOSE1:media_stream_manager.cc(1533)] MSPL::OnSpeedLimitChange({this=000059DC0235AD40}, {new_limit=75})
[13096:15684:0521/161635.337:VERBOSE1:media_stream_manager.cc(1533)] MSPL::OnSpeedLimitChange({this=000059DC0235AD40}, {new_limit=74})
[13096:15684:0521/161636.338:VERBOSE1:media_stream_manager.cc(1533)] MSPL::OnSpeedLimitChange({this=000059DC0235AD40}, {new_limit=72})
[13096:15684:0521/161637.351:VERBOSE1:media_stream_manager.cc(1533)] MSPL::OnSpeedLimitChange({this=000059DC0235AD40}, {new_limit=71})
[13096:15684:0521/161638.350:VERBOSE1:media_stream_manager.cc(1533)] MSPL::OnSpeedLimitChange({this=000059DC0235AD40}, {new_limit=100})
[13096:6636:0521/161654.324:VERBOSE1:device_event_log_impl.cc(198)] [16:16:54.323] Display: EVENT: screen_win.cc:893 Displays updated, count: 1
[13096:6636:0521/161654.324:VERBOSE1:device_event_log_impl.cc(198)] [16:16:54.324] Display: EVENT: screen_win.cc:895 Display[2479531247] bounds=[0,0 1707x960], workarea=[0,0 1707x912], scale=1.5, rotation=0, panel_rotation=0 external detected
[13096:6636:0521/161705.659:VERBOSE1:device_event_log_impl.cc(198)] [16:17:05.658] Display: EVENT: screen_win.cc:893 Displays updated, count: 1
[13096:6636:0521/161705.659:VERBOSE1:device_event_log_impl.cc(198)] [16:17:05.658] Display: EVENT: screen_win.cc:895 Display[2479531247] bounds=[0,0 1707x960], workarea=[0,0 1707x912], scale=1.5, rotation=0, panel_rotation=0 external detected
[13096:15684:0521/161714.365:VERBOSE1:media_stream_manager.cc(1533)] MSPL::OnSpeedLimitChange({this=000059DC0235AD40}, {new_limit=70})
[13096:15684:0521/161715.366:VERBOSE1:media_stream_manager.cc(1533)] MSPL::OnSpeedLimitChange({this=000059DC0235AD40}, {new_limit=68})
[13096:15684:0521/161716.367:VERBOSE1:media_stream_manager.cc(1533)] MSPL::OnSpeedLimitChange({this=000059DC0235AD40}, {new_limit=72})
[13096:15684:0521/161717.367:VERBOSE1:media_stream_manager.cc(1533)] MSPL::OnSpeedLimitChange({this=000059DC0235AD40}, {new_limit=74})
[13096:15684:0521/161718.368:VERBOSE1:media_stream_manager.cc(1533)] MSPL::OnSpeedLimitChange({this=000059DC0235AD40}, {new_limit=100})
[13096:6636:0521/161721.453:VERBOSE1:device_event_log_impl.cc(198)] [16:17:21.453] Display: EVENT: screen_win.cc:893 Displays updated, count: 1
[13096:6636:0521/161721.453:VERBOSE1:device_event_log_impl.cc(198)] [16:17:21.453] Display: EVENT: screen_win.cc:895 Display[2479531247] bounds=[0,0 1707x960], workarea=[0,0 1707x912], scale=1.5, rotation=0, panel_rotation=0 external detected
[13096:6636:0521/161733.429:VERBOSE1:device_event_log_impl.cc(198)] [16:17:33.428] Display: EVENT: screen_win.cc:893 Displays updated, count: 1
[13096:6636:0521/161733.430:VERBOSE1:device_event_log_impl.cc(198)] [16:17:33.429] Display: EVENT: screen_win.cc:895 Display[2479531247] bounds=[0,0 1707x960], workarea=[0,0 1707x912], scale=1.5, rotation=0, panel_rotation=0 external detected
[13096:6636:0521/161742.364:VERBOSE1:device_event_log_impl.cc(198)] [16:17:42.364] Display: EVENT: screen_win.cc:893 Displays updated, count: 1
[13096:6636:0521/161742.364:VERBOSE1:device_event_log_impl.cc(198)] [16:17:42.364] Display: EVENT: screen_win.cc:895 Display[2479531247] bounds=[0,0 1707x960], workarea=[0,0 1707x912], scale=1.5, rotation=0, panel_rotation=0 external detected
[13096:15684:0521/161751.393:VERBOSE1:media_stream_manager.cc(1533)] MSPL::OnSpeedLimitChange({this=000059DC0235AD40}, {new_limit=63})
[13096:15684:0521/161754.386:VERBOSE1:media_stream_manager.cc(1533)] MSPL::OnSpeedLimitChange({this=000059DC0235AD40}, {new_limit=65})
[13096:15684:0521/161755.388:VERBOSE1:media_stream_manager.cc(1533)] MSPL::OnSpeedLimitChange({this=000059DC0235AD40}, {new_limit=66})
[13096:15684:0521/161756.552:VERBOSE1:media_stream_manager.cc(1533)] MSPL::OnSpeedLimitChange({this=000059DC0235AD40}, {new_limit=100})
[13096:6636:0521/161757.406:VERBOSE1:device_event_log_impl.cc(198)] [16:17:57.406] Display: EVENT: screen_win.cc:893 Displays updated, count: 1
[13096:6636:0521/161757.406:VERBOSE1:device_event_log_impl.cc(198)] [16:17:57.407] Display: EVENT: screen_win.cc:895 Display[2479531247] bounds=[0,0 1707x960], workarea=[0,0 1707x912], scale=1.5, rotation=0, panel_rotation=0 external detected
[13096:6636:0521/161804.477:VERBOSE1:device_event_log_impl.cc(198)] [16:18:04.478] Display: EVENT: screen_win.cc:893 Displays updated, count: 1
[13096:6636:0521/161804.478:VERBOSE1:device_event_log_impl.cc(198)] [16:18:04.478] Display: EVENT: screen_win.cc:895 Display[2479531247] bounds=[0,0 1707x960], workarea=[0,0 1707x912], scale=1.5, rotation=0, panel_rotation=0 external detected
[13096:15684:0521/161814.415:VERBOSE1:media_stream_manager.cc(1533)] MSPL::OnSpeedLimitChange({this=000059DC0235AD40}, {new_limit=68})
[13096:15684:0521/161815.413:VERBOSE1:media_stream_manager.cc(1533)] MSPL::OnSpeedLimitChange({this=000059DC0235AD40}, {new_limit=69})
[13096:15684:0521/161816.396:VERBOSE1:media_stream_manager.cc(1533)] MSPL::OnSpeedLimitChange({this=000059DC0235AD40}, {new_limit=67})
[13096:15684:0521/161817.409:VERBOSE1:media_stream_manager.cc(1533)] MSPL::OnSpeedLimitChange({this=000059DC0235AD40}, {new_limit=66})
[13096:15684:0521/161818.539:VERBOSE1:media_stream_manager.cc(1533)] MSPL::OnSpeedLimitChange({this=000059DC0235AD40}, {new_limit=67})
[13096:15684:0521/161819.539:VERBOSE1:media_stream_manager.cc(1533)] MSPL::OnSpeedLimitChange({this=000059DC0235AD40}, {new_limit=69})
[13096:15684:0521/161820.539:VERBOSE1:media_stream_manager.cc(1533)] MSPL::OnSpeedLimitChange({this=000059DC0235AD40}, {new_limit=71})
[13096:6636:0521/161821.333:VERBOSE1:device_event_log_impl.cc(198)] [16:18:21.333] Display: EVENT: screen_win.cc:893 Displays updated, count: 1
[13096:6636:0521/161821.334:VERBOSE1:device_event_log_impl.cc(198)] [16:18:21.334] Display: EVENT: screen_win.cc:895 Display[2479531247] bounds=[0,0 1707x960], workarea=[0,0 1707x912], scale=1.5, rotation=0, panel_rotation=0 external detected
[13096:15684:0521/161821.540:VERBOSE1:media_stream_manager.cc(1533)] MSPL::OnSpeedLimitChange({this=000059DC0235AD40}, {new_limit=100})
[14056:17712:0521/161830.113:VERBOSE1:network_delegate.cc(36)] NetworkDelegate::NotifyBeforeURLRequest: https://optimizationguide-pa.googleapis.com/v1:GetModels?key=dummytoken
[14056:17712:0521/161830.123:VERBOSE1:tls_handshaker.cc(105)] TlsClient: Continuing handshake
[14056:17712:0521/161830.124:VERBOSE1:tls_handshaker.cc(126)] TlsClient: SSL_do_handshake returned when entering early data. After retry, rv=-1, SSL_in_early_data=1
[14056:17712:0521/161830.132:VERBOSE1:tls_handshaker.cc(105)] TlsClient: Continuing handshake
[14056:17712:0521/161830.132:VERBOSE1:tls_handshaker.cc(105)] TlsClient: Continuing handshake
[14056:17712:0521/161830.132:VERBOSE1:tls_client_handshaker.cc(528)] Client: handshake finished
[13096:15684:0521/161831.446:VERBOSE1:media_stream_manager.cc(1533)] MSPL::OnSpeedLimitChange({this=000059DC0235AD40}, {new_limit=65})
[13096:15684:0521/161832.446:VERBOSE1:media_stream_manager.cc(1533)] MSPL::OnSpeedLimitChange({this=000059DC0235AD40}, {new_limit=100})
[13096:6636:0521/161833.457:VERBOSE1:device_event_log_impl.cc(198)] [16:18:33.457] Display: EVENT: screen_win.cc:893 Displays updated, count: 1
[13096:6636:0521/161833.457:VERBOSE1:device_event_log_impl.cc(198)] [16:18:33.457] Display: EVENT: screen_win.cc:895 Display[2479531247] bounds=[0,0 1707x960], workarea=[0,0 1707x912], scale=1.5, rotation=0, panel_rotation=0 external detected
[13096:6636:0521/161842.359:VERBOSE1:device_event_log_impl.cc(198)] [16:18:42.359] Display: EVENT: screen_win.cc:893 Displays updated, count: 1
[13096:6636:0521/161842.359:VERBOSE1:device_event_log_impl.cc(198)] [16:18:42.360] Display: EVENT: screen_win.cc:895 Display[2479531247] bounds=[0,0 1707x960], workarea=[0,0 1707x912], scale=1.5, rotation=0, panel_rotation=0 external detected
[13096:6636:0521/161851.674:VERBOSE1:device_event_log_impl.cc(198)] [16:18:51.675] Display: EVENT: screen_win.cc:893 Displays updated, count: 1
[13096:6636:0521/161851.674:VERBOSE1:device_event_log_impl.cc(198)] [16:18:51.675] Display: EVENT: screen_win.cc:895 Display[2479531247] bounds=[0,0 1707x960], workarea=[0,0 1707x912], scale=1.5, rotation=0, panel_rotation=0 external detected
[13096:15684:0521/161851.733:VERBOSE1:media_stream_manager.cc(1533)] MSPL::OnSpeedLimitChange({this=000059DC0235AD40}, {new_limit=74})
[13096:15684:0521/161852.422:VERBOSE1:media_stream_manager.cc(1533)] MSPL::OnSpeedLimitChange({this=000059DC0235AD40}, {new_limit=71})
[13096:15684:0521/161853.430:VERBOSE1:media_stream_manager.cc(1533)] MSPL::OnSpeedLimitChange({this=000059DC0235AD40}, {new_limit=72})
[13096:15684:0521/161855.426:VERBOSE1:media_stream_manager.cc(1533)] MSPL::OnSpeedLimitChange({this=000059DC0235AD40}, {new_limit=74})
[13096:15684:0521/161857.633:VERBOSE1:media_stream_manager.cc(1533)] MSPL::OnSpeedLimitChange({this=000059DC0235AD40}, {new_limit=73})
[13096:15684:0521/161858.632:VERBOSE1:media_stream_manager.cc(1533)] MSPL::OnSpeedLimitChange({this=000059DC0235AD40}, {new_limit=100})
[13096:6636:0521/161900.490:VERBOSE1:device_event_log_impl.cc(198)] [16:19:00.491] Display: EVENT: screen_win.cc:893 Displays updated, count: 1
[13096:6636:0521/161900.490:VERBOSE1:device_event_log_impl.cc(198)] [16:19:00.491] Display: EVENT: screen_win.cc:895 Display[2479531247] bounds=[0,0 1707x960], workarea=[0,0 1707x912], scale=1.5, rotation=0, panel_rotation=0 external detected
[13096:6636:0521/161911.483:VERBOSE1:device_event_log_impl.cc(198)] [16:19:11.483] Display: EVENT: screen_win.cc:893 Displays updated, count: 1
[13096:6636:0521/161911.483:VERBOSE1:device_event_log_impl.cc(198)] [16:19:11.483] Display: EVENT: screen_win.cc:895 Display[2479531247] bounds=[0,0 1707x960], workarea=[0,0 1707x912], scale=1.5, rotation=0, panel_rotation=0 external detected
[13096:6636:0521/161917.122:VERBOSE1:device_event_log_impl.cc(198)] [16:19:17.122] Display: EVENT: screen_win.cc:893 Displays updated, count: 1
[13096:6636:0521/161917.122:VERBOSE1:device_event_log_impl.cc(198)] [16:19:17.122] Display: EVENT: screen_win.cc:895 Display[2479531247] bounds=[0,0 1707x960], workarea=[0,0 1707x912], scale=1.5, rotation=0, panel_rotation=0 external detected
[13096:15684:0521/161921.458:VERBOSE1:media_stream_manager.cc(1533)] MSPL::OnSpeedLimitChange({this=000059DC0235AD40}, {new_limit=70})
[13096:15684:0521/161924.442:VERBOSE1:media_stream_manager.cc(1533)] MSPL::OnSpeedLimitChange({this=000059DC0235AD40}, {new_limit=69})
[13096:15684:0521/161925.458:VERBOSE1:media_stream_manager.cc(1533)] MSPL::OnSpeedLimitChange({this=000059DC0235AD40}, {new_limit=68})
[13096:15684:0521/161927.453:VERBOSE1:media_stream_manager.cc(1533)] MSPL::OnSpeedLimitChange({this=000059DC0235AD40}, {new_limit=66})
[13096:15684:0521/161928.538:VERBOSE1:media_stream_manager.cc(1533)] MSPL::OnSpeedLimitChange({this=000059DC0235AD40}, {new_limit=68})
[13096:15684:0521/161929.538:VERBOSE1:media_stream_manager.cc(1533)] MSPL::OnSpeedLimitChange({this=000059DC0235AD40}, {new_limit=69})
[13096:15684:0521/161930.539:VERBOSE1:media_stream_manager.cc(1533)] MSPL::OnSpeedLimitChange({this=000059DC0235AD40}, {new_limit=71})
[13096:15684:0521/161931.539:VERBOSE1:media_stream_manager.cc(1533)] MSPL::OnSpeedLimitChange({this=000059DC0235AD40}, {new_limit=100})
[13096:6636:0521/161940.403:VERBOSE1:device_event_log_impl.cc(198)] [16:19:40.403] Display: EVENT: screen_win.cc:893 Displays updated, count: 1
[13096:6636:0521/161940.403:VERBOSE1:device_event_log_impl.cc(198)] [16:19:40.403] Display: EVENT: screen_win.cc:895 Display[2479531247] bounds=[0,0 1707x960], workarea=[0,0 1707x912], scale=1.5, rotation=0, panel_rotation=0 external detected
[13096:6636:0521/161954.047:VERBOSE1:device_event_log_impl.cc(198)] [16:19:54.047] Display: EVENT: screen_win.cc:893 Displays updated, count: 1
[13096:6636:0521/161954.047:VERBOSE1:device_event_log_impl.cc(198)] [16:19:54.047] Display: EVENT: screen_win.cc:895 Display[2479531247] bounds=[0,0 1707x960], workarea=[0,0 1707x912], scale=1.5, rotation=0, panel_rotation=0 external detected
[13096:15684:0521/162003.469:VERBOSE1:media_stream_manager.cc(1533)] MSPL::OnSpeedLimitChange({this=000059DC0235AD40}, {new_limit=68})
[13096:15684:0521/162004.469:VERBOSE1:media_stream_manager.cc(1533)] MSPL::OnSpeedLimitChange({this=000059DC0235AD40}, {new_limit=67})
[13096:15684:0521/162005.469:VERBOSE1:media_stream_manager.cc(1533)] MSPL::OnSpeedLimitChange({this=000059DC0235AD40}, {new_limit=69})
[13096:15684:0521/162006.502:VERBOSE1:media_stream_manager.cc(1533)] MSPL::OnSpeedLimitChange({this=000059DC0235AD40}, {new_limit=70})
[13096:15684:0521/162007.495:VERBOSE1:media_stream_manager.cc(1533)] MSPL::OnSpeedLimitChange({this=000059DC0235AD40}, {new_limit=68})
[13096:15684:0521/162008.494:VERBOSE1:media_stream_manager.cc(1533)] MSPL::OnSpeedLimitChange({this=000059DC0235AD40}, {new_limit=69})
[13096:15684:0521/162009.499:VERBOSE1:media_stream_manager.cc(1533)] MSPL::OnSpeedLimitChange({this=000059DC0235AD40}, {new_limit=70})
[13096:15684:0521/162010.487:VERBOSE1:media_stream_manager.cc(1533)] MSPL::OnSpeedLimitChange({this=000059DC0235AD40}, {new_limit=71})
[13096:15684:0521/162011.487:VERBOSE1:media_stream_manager.cc(1533)] MSPL::OnSpeedLimitChange({this=000059DC0235AD40}, {new_limit=72})
[13096:15684:0521/162012.493:VERBOSE1:media_stream_manager.cc(1533)] MSPL::OnSpeedLimitChange({this=000059DC0235AD40}, {new_limit=74})
[13096:15684:0521/162013.476:VERBOSE1:media_stream_manager.cc(1533)] MSPL::OnSpeedLimitChange({this=000059DC0235AD40}, {new_limit=76})
[13096:15684:0521/162014.507:VERBOSE1:media_stream_manager.cc(1533)] MSPL::OnSpeedLimitChange({this=000059DC0235AD40}, {new_limit=77})
[13096:15684:0521/162015.494:VERBOSE1:media_stream_manager.cc(1533)] MSPL::OnSpeedLimitChange({this=000059DC0235AD40}, {new_limit=74})
[13096:15684:0521/162016.477:VERBOSE1:media_stream_manager.cc(1533)] MSPL::OnSpeedLimitChange({this=000059DC0235AD40}, {new_limit=72})
[13096:15684:0521/162017.539:VERBOSE1:media_stream_manager.cc(1533)] MSPL::OnSpeedLimitChange({this=000059DC0235AD40}, {new_limit=73})
[13096:15684:0521/162018.538:VERBOSE1:media_stream_manager.cc(1533)] MSPL::OnSpeedLimitChange({this=000059DC0235AD40}, {new_limit=100})
[13096:6636:0521/162019.739:VERBOSE1:device_event_log_impl.cc(198)] [16:20:19.739] Display: EVENT: screen_win.cc:893 Displays updated, count: 1
[13096:6636:0521/162019.739:VERBOSE1:device_event_log_impl.cc(198)] [16:20:19.740] Display: EVENT: screen_win.cc:895 Display[2479531247] bounds=[0,0 1707x960], workarea=[0,0 1707x912], scale=1.5, rotation=0, panel_rotation=0 external detected
[13096:6636:0521/162039.356:VERBOSE1:device_event_log_impl.cc(198)] [16:20:39.356] Display: EVENT: screen_win.cc:893 Displays updated, count: 1
[13096:6636:0521/162039.356:VERBOSE1:device_event_log_impl.cc(198)] [16:20:39.356] Display: EVENT: screen_win.cc:895 Display[2479531247] bounds=[0,0 1707x960], workarea=[0,0 1707x912], scale=1.5, rotation=0, panel_rotation=0 external detected
[13096:15684:0521/162048.517:VERBOSE1:media_stream_manager.cc(1533)] MSPL::OnSpeedLimitChange({this=000059DC0235AD40}, {new_limit=59})
[13096:15684:0521/162049.509:VERBOSE1:media_stream_manager.cc(1533)] MSPL::OnSpeedLimitChange({this=000059DC0235AD40}, {new_limit=58})
[13096:15684:0521/162051.539:VERBOSE1:media_stream_manager.cc(1533)] MSPL::OnSpeedLimitChange({this=000059DC0235AD40}, {new_limit=59})
[13096:15684:0521/162053.547:VERBOSE1:media_stream_manager.cc(1533)] MSPL::OnSpeedLimitChange({this=000059DC0235AD40}, {new_limit=61})
[13096:15684:0521/162055.526:VERBOSE1:media_stream_manager.cc(1533)] MSPL::OnSpeedLimitChange({this=000059DC0235AD40}, {new_limit=62})
[13096:15684:0521/162056.514:VERBOSE1:media_stream_manager.cc(1533)] MSPL::OnSpeedLimitChange({this=000059DC0235AD40}, {new_limit=63})
[13096:15684:0521/162057.539:VERBOSE1:media_stream_manager.cc(1533)] MSPL::OnSpeedLimitChange({this=000059DC0235AD40}, {new_limit=61})
[13096:15684:0521/162058.524:VERBOSE1:media_stream_manager.cc(1533)] MSPL::OnSpeedLimitChange({this=000059DC0235AD40}, {new_limit=60})
[13096:15684:0521/162059.528:VERBOSE1:media_stream_manager.cc(1533)] MSPL::OnSpeedLimitChange({this=000059DC0235AD40}, {new_limit=59})
[13096:15684:0521/162100.508:VERBOSE1:media_stream_manager.cc(1533)] MSPL::OnSpeedLimitChange({this=000059DC0235AD40}, {new_limit=61})
[14056:17712:0521/162100.846:VERBOSE1:network_delegate.cc(36)] NetworkDelegate::NotifyBeforeURLRequest: https://optimizationguide-pa.googleapis.com/v1:GetModels?key=dummytoken
[14056:17712:0521/162100.851:VERBOSE1:tls_handshaker.cc(105)] TlsClient: Continuing handshake
[14056:17712:0521/162100.852:VERBOSE1:tls_handshaker.cc(126)] TlsClient: SSL_do_handshake returned when entering early data. After retry, rv=-1, SSL_in_early_data=1
[14056:17712:0521/162100.858:VERBOSE1:tls_handshaker.cc(105)] TlsClient: Continuing handshake
[14056:17712:0521/162100.860:VERBOSE1:tls_handshaker.cc(105)] TlsClient: Continuing handshake
[14056:17712:0521/162100.860:VERBOSE1:tls_client_handshaker.cc(528)] Client: handshake finished
[13096:15684:0521/162101.668:VERBOSE1:media_stream_manager.cc(1533)] MSPL::OnSpeedLimitChange({this=000059DC0235AD40}, {new_limit=60})
[13096:15684:0521/162103.511:VERBOSE1:media_stream_manager.cc(1533)] MSPL::OnSpeedLimitChange({this=000059DC0235AD40}, {new_limit=59})
[13096:15684:0521/162104.511:VERBOSE1:media_stream_manager.cc(1533)] MSPL::OnSpeedLimitChange({this=000059DC0235AD40}, {new_limit=60})
[13096:15684:0521/162105.537:VERBOSE1:media_stream_manager.cc(1533)] MSPL::OnSpeedLimitChange({this=000059DC0235AD40}, {new_limit=62})
[13096:15684:0521/162106.521:VERBOSE1:media_stream_manager.cc(1533)] MSPL::OnSpeedLimitChange({this=000059DC0235AD40}, {new_limit=61})
[13096:15684:0521/162107.538:VERBOSE1:media_stream_manager.cc(1533)] MSPL::OnSpeedLimitChange({this=000059DC0235AD40}, {new_limit=63})
[13096:15684:0521/162108.543:VERBOSE1:media_stream_manager.cc(1533)] MSPL::OnSpeedLimitChange({this=000059DC0235AD40}, {new_limit=65})
[21240:27256:0521/162239.812:VERBOSE1:frame_impl.cc(620)] frame 6-A0A1D1C087F37A7A4B0BFF976C641DC2 disconnected (reason=BROWSER_FRAME_DISCONNECT, current_state=CONNECTION_ACKED)
[21240:27256:0521/162239.812:VERBOSE1:frame_impl.cc(633)] frame 6-A0A1D1C087F37A7A4B0BFF976C641DC2 connection retry scheduled
[21240:27256:0521/162239.812:VERBOSE1:frame_impl.cc(620)] frame 6-94EB5333824C266D00D36A932C22E546 disconnected (reason=RENDER_FRAME_DISCONNECT, current_state=CONNECTION_ACKED)
[21240:27256:0521/162239.812:VERBOSE1:frame_impl.cc(633)] frame 6-94EB5333824C266D00D36A932C22E546 connection retry scheduled
